DROP TABLE BOOKINGSEAT;
DROP TABLE BOOKING;
DROP TABLE SEATSTATE;
DROP TABLE SEAT;
DROP TABLE TIME;
DROP TABLE SCREENUP;
DROP TABLE SCREEN;
DROP TABLE CINEMA;
DROP TABLE MOVIERATING;
DROP TABLE MOVIE;
DROP TABLE PURCHASEITEM;
DROP TABLE ITEM;
DROP TABLE PURCHASE;
DROP TABLE EVENT;
DROP TABLE QNA;
DROP TABLE NOTICE;
DROP TABLE ADMIN;
DROP TABLE MEMBER;
DROP TABLE MEMBERGRADE;

DROP SEQUENCE NOTICESEQUENCE;
DROP SEQUENCE MOVIE_SEQ;
DROP SEQUENCE MOVIERATING_SEQ;
DROP SEQUENCE SCREENUP_SEQ;
DROP SEQUENCE SEATSTATE_SEQ;
DROP SEQUENCE BOOKING_SEQ;
DROP SEQUENCE BOOKINGSEAT_SEQ;
DROP SEQUENCE EVENT_SEQ;
DROP SEQUENCE ITEM_SEQ;
DROP SEQUENCE PURCHASE_SEQ;
DROP SEQUENCE PURCHASEITEM_SEQ;
DROP SEQUENCE QNA_SEQ;

--------------------------------------------------------
--  파일이 생성됨 - 목요일-4월-25-2019   
--------------------------------------------------------
--------------------------------------------------------
--  DDL for Sequence BOOKINGSEAT_SEQ
--------------------------------------------------------

   CREATE SEQUENCE  "MAC"."BOOKINGSEAT_SEQ"  MINVALUE 1 MAXVALUE 9999999999 INCREMENT BY 1 START WITH 5 NOCACHE  NOORDER  NOCYCLE ;
--------------------------------------------------------
--  DDL for Sequence BOOKING_SEQ
--------------------------------------------------------

   CREATE SEQUENCE  "MAC"."BOOKING_SEQ"  MINVALUE 1 MAXVALUE 9999999999 INCREMENT BY 1 START WITH 2 NOCACHE  NOORDER  NOCYCLE ;
--------------------------------------------------------
--  DDL for Sequence EVENT_SEQ
--------------------------------------------------------

   CREATE SEQUENCE  "MAC"."EVENT_SEQ"  MINVALUE 1 MAXVALUE 999999 INCREMENT BY 1 START WITH 7 NOCACHE  NOORDER  NOCYCLE ;
--------------------------------------------------------
--  DDL for Sequence ITEM_SEQ
--------------------------------------------------------

   CREATE SEQUENCE  "MAC"."ITEM_SEQ"  MINVALUE 1 MAXVALUE 999999 INCREMENT BY 1 START WITH 13 NOCACHE  NOORDER  NOCYCLE ;
--------------------------------------------------------
--  DDL for Sequence MOVIERATING_SEQ
--------------------------------------------------------

   CREATE SEQUENCE  "MAC"."MOVIERATING_SEQ"  MINVALUE 1 MAXVALUE 9999999999 INCREMENT BY 1 START WITH 1 NOCACHE  NOORDER  NOCYCLE ;
--------------------------------------------------------
--  DDL for Sequence MOVIE_SEQ
--------------------------------------------------------

   CREATE SEQUENCE  "MAC"."MOVIE_SEQ"  MINVALUE 1 MAXVALUE 9999999999 INCREMENT BY 1 START WITH 46 NOCACHE  NOORDER  NOCYCLE ;
--------------------------------------------------------
--  DDL for Sequence NOTICESEQUENCE
--------------------------------------------------------

   CREATE SEQUENCE  "MAC"."NOTICESEQUENCE"  MINVALUE 1 MAXVALUE 999999 INCREMENT BY 1 START WITH 46 NOCACHE  NOORDER  NOCYCLE ;
--------------------------------------------------------
--  DDL for Sequence PURCHASEITEM_SEQ
--------------------------------------------------------

   CREATE SEQUENCE  "MAC"."PURCHASEITEM_SEQ"  MINVALUE 1 MAXVALUE 999999 INCREMENT BY 1 START WITH 1 NOCACHE  NOORDER  NOCYCLE ;
--------------------------------------------------------
--  DDL for Sequence PURCHASE_SEQ
--------------------------------------------------------

   CREATE SEQUENCE  "MAC"."PURCHASE_SEQ"  MINVALUE 1 MAXVALUE 999999 INCREMENT BY 1 START WITH 1 NOCACHE  NOORDER  NOCYCLE ;
--------------------------------------------------------
--  DDL for Sequence QNA_SEQ
--------------------------------------------------------

   CREATE SEQUENCE  "MAC"."QNA_SEQ"  MINVALUE 1 MAXVALUE 9999999999999999999999999999 INCREMENT BY 1 START WITH 23 NOCACHE  NOORDER  NOCYCLE ;
--------------------------------------------------------
--  DDL for Sequence SCREENUP_SEQ
--------------------------------------------------------

   CREATE SEQUENCE  "MAC"."SCREENUP_SEQ"  MINVALUE 1 MAXVALUE 9999999999 INCREMENT BY 1 START WITH 19 NOCACHE  NOORDER  NOCYCLE ;
--------------------------------------------------------
--  DDL for Sequence SEATSTATE_SEQ
--------------------------------------------------------

   CREATE SEQUENCE  "MAC"."SEATSTATE_SEQ"  MINVALUE 1 MAXVALUE 9999999999 INCREMENT BY 1 START WITH 5 NOCACHE  NOORDER  NOCYCLE ;
--------------------------------------------------------
--  DDL for Table ADMIN
--------------------------------------------------------

  CREATE TABLE "MAC"."ADMIN" 
   (	"ADMINID" VARCHAR2(30 BYTE), 
	"ADMINPW" VARCHAR2(30 BYTE)
   ) SEGMENT CREATION IMMEDIATE 
  PCTFREE 10 PCTUSED 40 INITRANS 1 MAXTRANS 255 NOCOMPRESS LOGGING
  STORAGE(INITIAL 65536 NEXT 1048576 MINEXTENTS 1 MAXEXTENTS 2147483645
  PCTINCREASE 0 FREELISTS 1 FREELIST GROUPS 1 BUFFER_POOL DEFAULT FLASH_CACHE DEFAULT CELL_FLASH_CACHE DEFAULT)
  TABLESPACE "SYSTEM" ;
--------------------------------------------------------
--  DDL for Table BOOKING
--------------------------------------------------------

  CREATE TABLE "MAC"."BOOKING" 
   (	"BOOKINGNO" NUMBER(10,0), 
	"SCREENUPNO" NUMBER(10,0), 
	"MEMBERID" VARCHAR2(30 BYTE), 
	"TIMENO" VARCHAR2(20 BYTE), 
	"BOOKINGDATE" DATE, 
	"BOOKINGCOUNT" NUMBER(1,0), 
	"BOOKINGPRICE" NUMBER(6,0)
   ) SEGMENT CREATION IMMEDIATE 
  PCTFREE 10 PCTUSED 40 INITRANS 1 MAXTRANS 255 NOCOMPRESS LOGGING
  STORAGE(INITIAL 65536 NEXT 1048576 MINEXTENTS 1 MAXEXTENTS 2147483645
  PCTINCREASE 0 FREELISTS 1 FREELIST GROUPS 1 BUFFER_POOL DEFAULT FLASH_CACHE DEFAULT CELL_FLASH_CACHE DEFAULT)
  TABLESPACE "SYSTEM" ;
--------------------------------------------------------
--  DDL for Table BOOKINGSEAT
--------------------------------------------------------

  CREATE TABLE "MAC"."BOOKINGSEAT" 
   (	"BOOKINGSEATNO" NUMBER(10,0), 
	"BOOKINGNO" NUMBER(10,0), 
	"SEATNO" VARCHAR2(10 BYTE)
   ) SEGMENT CREATION IMMEDIATE 
  PCTFREE 10 PCTUSED 40 INITRANS 1 MAXTRANS 255 NOCOMPRESS LOGGING
  STORAGE(INITIAL 65536 NEXT 1048576 MINEXTENTS 1 MAXEXTENTS 2147483645
  PCTINCREASE 0 FREELISTS 1 FREELIST GROUPS 1 BUFFER_POOL DEFAULT FLASH_CACHE DEFAULT CELL_FLASH_CACHE DEFAULT)
  TABLESPACE "SYSTEM" ;
--------------------------------------------------------
--  DDL for Table CINEMA
--------------------------------------------------------

  CREATE TABLE "MAC"."CINEMA" 
   (	"CINEMANO" VARCHAR2(20 BYTE), 
	"CINEMANAME" VARCHAR2(30 BYTE)
   ) SEGMENT CREATION IMMEDIATE 
  PCTFREE 10 PCTUSED 40 INITRANS 1 MAXTRANS 255 NOCOMPRESS LOGGING
  STORAGE(INITIAL 65536 NEXT 1048576 MINEXTENTS 1 MAXEXTENTS 2147483645
  PCTINCREASE 0 FREELISTS 1 FREELIST GROUPS 1 BUFFER_POOL DEFAULT FLASH_CACHE DEFAULT CELL_FLASH_CACHE DEFAULT)
  TABLESPACE "SYSTEM" ;
--------------------------------------------------------
--  DDL for Table EVENT
--------------------------------------------------------

  CREATE TABLE "MAC"."EVENT" 
   (	"EVENTNO" NUMBER(10,0), 
	"EVENTTITLE" VARCHAR2(200 BYTE), 
	"EVENTFILE" VARCHAR2(300 BYTE), 
	"EVENTREADCOUNT" NUMBER(10,0) DEFAULT 0, 
	"EVENTDATE" DATE DEFAULT SYSDATE
   ) SEGMENT CREATION IMMEDIATE 
  PCTFREE 10 PCTUSED 40 INITRANS 1 MAXTRANS 255 NOCOMPRESS LOGGING
  STORAGE(INITIAL 65536 NEXT 1048576 MINEXTENTS 1 MAXEXTENTS 2147483645
  PCTINCREASE 0 FREELISTS 1 FREELIST GROUPS 1 BUFFER_POOL DEFAULT FLASH_CACHE DEFAULT CELL_FLASH_CACHE DEFAULT)
  TABLESPACE "SYSTEM" ;
--------------------------------------------------------
--  DDL for Table ITEM
--------------------------------------------------------

  CREATE TABLE "MAC"."ITEM" 
   (	"ITEMNO" NUMBER(10,0), 
	"ITEMNAME" VARCHAR2(200 BYTE), 
	"ITEMIMAGE" VARCHAR2(200 BYTE), 
	"ITEMPRICE" NUMBER(6,0)
   ) SEGMENT CREATION IMMEDIATE 
  PCTFREE 10 PCTUSED 40 INITRANS 1 MAXTRANS 255 NOCOMPRESS LOGGING
  STORAGE(INITIAL 65536 NEXT 1048576 MINEXTENTS 1 MAXEXTENTS 2147483645
  PCTINCREASE 0 FREELISTS 1 FREELIST GROUPS 1 BUFFER_POOL DEFAULT FLASH_CACHE DEFAULT CELL_FLASH_CACHE DEFAULT)
  TABLESPACE "SYSTEM" ;
--------------------------------------------------------
--  DDL for Table MEMBER
--------------------------------------------------------

  CREATE TABLE "MAC"."MEMBER" 
   (	"MEMBERID" VARCHAR2(30 BYTE), 
	"MEMBERPW" VARCHAR2(30 BYTE), 
	"MEMBERNAME" VARCHAR2(30 BYTE), 
	"MEMBERBIRTH" DATE, 
	"MEMBERPHONE" VARCHAR2(30 BYTE), 
	"MEMBEREMAIL" VARCHAR2(100 BYTE), 
	"MEMBERADDRESS" VARCHAR2(255 BYTE), 
	"MEMBERPOST" VARCHAR2(255 BYTE), 
	"MEMBERPOINT" NUMBER(8,0) DEFAULT 0, 
	"MEMBERGRADENO" VARCHAR2(20 BYTE) DEFAULT 0, 
	"MEMBERAMOUNT" NUMBER(10,0) DEFAULT 0, 
	"MEMBERSTATE" NUMBER(1,0) DEFAULT 0
   ) SEGMENT CREATION IMMEDIATE 
  PCTFREE 10 PCTUSED 40 INITRANS 1 MAXTRANS 255 NOCOMPRESS LOGGING
  STORAGE(INITIAL 65536 NEXT 1048576 MINEXTENTS 1 MAXEXTENTS 2147483645
  PCTINCREASE 0 FREELISTS 1 FREELIST GROUPS 1 BUFFER_POOL DEFAULT FLASH_CACHE DEFAULT CELL_FLASH_CACHE DEFAULT)
  TABLESPACE "SYSTEM" ;
--------------------------------------------------------
--  DDL for Table MEMBERGRADE
--------------------------------------------------------

  CREATE TABLE "MAC"."MEMBERGRADE" 
   (	"MEMBERGRADENO" VARCHAR2(20 BYTE), 
	"MEMBERGRADENAME" VARCHAR2(20 BYTE)
   ) SEGMENT CREATION IMMEDIATE 
  PCTFREE 10 PCTUSED 40 INITRANS 1 MAXTRANS 255 NOCOMPRESS LOGGING
  STORAGE(INITIAL 65536 NEXT 1048576 MINEXTENTS 1 MAXEXTENTS 2147483645
  PCTINCREASE 0 FREELISTS 1 FREELIST GROUPS 1 BUFFER_POOL DEFAULT FLASH_CACHE DEFAULT CELL_FLASH_CACHE DEFAULT)
  TABLESPACE "SYSTEM" ;
--------------------------------------------------------
--  DDL for Table MOVIE
--------------------------------------------------------

  CREATE TABLE "MAC"."MOVIE" 
   (	"MOVIENO" NUMBER(10,0), 
	"MOVIENAME" VARCHAR2(200 BYTE), 
	"MOVIEDIRECTOR" VARCHAR2(100 BYTE), 
	"MOVIEACTOR" VARCHAR2(500 BYTE), 
	"MOVIEGENRE" VARCHAR2(20 BYTE), 
	"MOVIECOUNTRY" VARCHAR2(30 BYTE), 
	"MOVIEGRADE" VARCHAR2(30 BYTE), 
	"MOVIERUNNINGTIME" VARCHAR2(30 BYTE), 
	"MOVIERELEASE" DATE, 
	"MOVIEIMAGE" VARCHAR2(200 BYTE), 
	"MOVIETRAILER" VARCHAR2(50 BYTE), 
	"MOVIESTORY" VARCHAR2(4000 BYTE)
   ) SEGMENT CREATION IMMEDIATE 
  PCTFREE 10 PCTUSED 40 INITRANS 1 MAXTRANS 255 NOCOMPRESS LOGGING
  STORAGE(INITIAL 65536 NEXT 1048576 MINEXTENTS 1 MAXEXTENTS 2147483645
  PCTINCREASE 0 FREELISTS 1 FREELIST GROUPS 1 BUFFER_POOL DEFAULT FLASH_CACHE DEFAULT CELL_FLASH_CACHE DEFAULT)
  TABLESPACE "SYSTEM" ;
--------------------------------------------------------
--  DDL for Table MOVIERATING
--------------------------------------------------------

  CREATE TABLE "MAC"."MOVIERATING" 
   (	"MOVIERATINGNO" NUMBER(10,0), 
	"MOVIENO" NUMBER(10,0), 
	"MEMBERID" VARCHAR2(30 BYTE), 
	"MOVIERATINGPOINT" NUMBER(2,0), 
	"MOVIERATINGCOMMENT" VARCHAR2(300 BYTE)
   ) SEGMENT CREATION IMMEDIATE 
  PCTFREE 10 PCTUSED 40 INITRANS 1 MAXTRANS 255 NOCOMPRESS LOGGING
  STORAGE(INITIAL 65536 NEXT 1048576 MINEXTENTS 1 MAXEXTENTS 2147483645
  PCTINCREASE 0 FREELISTS 1 FREELIST GROUPS 1 BUFFER_POOL DEFAULT FLASH_CACHE DEFAULT CELL_FLASH_CACHE DEFAULT)
  TABLESPACE "SYSTEM" ;
--------------------------------------------------------
--  DDL for Table NOTICE
--------------------------------------------------------

  CREATE TABLE "MAC"."NOTICE" 
   (	"NOTICENO" NUMBER(10,0), 
	"NOTICETITLE" VARCHAR2(300 BYTE), 
	"NOTICECONTENT" VARCHAR2(1000 BYTE), 
	"NOTICEFILE" VARCHAR2(300 BYTE), 
	"NOTICEREADCOUNT" NUMBER(10,0) DEFAULT 0, 
	"NOTICEDATE" DATE DEFAULT SYSDATE
   ) SEGMENT CREATION IMMEDIATE 
  PCTFREE 10 PCTUSED 40 INITRANS 1 MAXTRANS 255 NOCOMPRESS LOGGING
  STORAGE(INITIAL 65536 NEXT 1048576 MINEXTENTS 1 MAXEXTENTS 2147483645
  PCTINCREASE 0 FREELISTS 1 FREELIST GROUPS 1 BUFFER_POOL DEFAULT FLASH_CACHE DEFAULT CELL_FLASH_CACHE DEFAULT)
  TABLESPACE "SYSTEM" ;
--------------------------------------------------------
--  DDL for Table PURCHASE
--------------------------------------------------------

  CREATE TABLE "MAC"."PURCHASE" 
   (	"PURCHASENO" NUMBER(10,0), 
	"MEMBERID" VARCHAR2(30 BYTE), 
	"PURCHASEPRICE" NUMBER(6,0), 
	"PURCHASEDATE" DATE DEFAULT SYSDATE
   ) SEGMENT CREATION IMMEDIATE 
  PCTFREE 10 PCTUSED 40 INITRANS 1 MAXTRANS 255 NOCOMPRESS LOGGING
  STORAGE(INITIAL 65536 NEXT 1048576 MINEXTENTS 1 MAXEXTENTS 2147483645
  PCTINCREASE 0 FREELISTS 1 FREELIST GROUPS 1 BUFFER_POOL DEFAULT FLASH_CACHE DEFAULT CELL_FLASH_CACHE DEFAULT)
  TABLESPACE "SYSTEM" ;
--------------------------------------------------------
--  DDL for Table PURCHASEITEM
--------------------------------------------------------

  CREATE TABLE "MAC"."PURCHASEITEM" 
   (	"PURCHASEITEMNO" NUMBER(10,0), 
	"ITEMNO" NUMBER(10,0), 
	"PURCHASENO" NUMBER(10,0)
   ) SEGMENT CREATION IMMEDIATE 
  PCTFREE 10 PCTUSED 40 INITRANS 1 MAXTRANS 255 NOCOMPRESS LOGGING
  STORAGE(INITIAL 65536 NEXT 1048576 MINEXTENTS 1 MAXEXTENTS 2147483645
  PCTINCREASE 0 FREELISTS 1 FREELIST GROUPS 1 BUFFER_POOL DEFAULT FLASH_CACHE DEFAULT CELL_FLASH_CACHE DEFAULT)
  TABLESPACE "SYSTEM" ;
--------------------------------------------------------
--  DDL for Table QNA
--------------------------------------------------------

  CREATE TABLE "MAC"."QNA" 
   (	"QNANO" NUMBER(10,0), 
	"QNATITLE" VARCHAR2(200 BYTE), 
	"QNACONTENT" VARCHAR2(2000 BYTE), 
	"QNAFILE" VARCHAR2(200 BYTE), 
	"QNAHIT" NUMBER(6,0) DEFAULT 0, 
	"QNADATE" DATE, 
	"QNAIP" VARCHAR2(200 BYTE), 
	"QNANOPW" VARCHAR2(20 BYTE), 
	"QNAGROUP" NUMBER(3,0), 
	"QNASTEP" NUMBER(3,0) DEFAULT 1, 
	"QNAINDENT" NUMBER(3,0) DEFAULT 0, 
	"MEMBERID" VARCHAR2(30 BYTE), 
	"ADMINID" VARCHAR2(30 BYTE)
   ) SEGMENT CREATION IMMEDIATE 
  PCTFREE 10 PCTUSED 40 INITRANS 1 MAXTRANS 255 NOCOMPRESS LOGGING
  STORAGE(INITIAL 65536 NEXT 1048576 MINEXTENTS 1 MAXEXTENTS 2147483645
  PCTINCREASE 0 FREELISTS 1 FREELIST GROUPS 1 BUFFER_POOL DEFAULT FLASH_CACHE DEFAULT CELL_FLASH_CACHE DEFAULT)
  TABLESPACE "SYSTEM" ;
--------------------------------------------------------
--  DDL for Table SCREEN
--------------------------------------------------------

  CREATE TABLE "MAC"."SCREEN" 
   (	"SCREENNO" VARCHAR2(20 BYTE), 
	"SCREENNAME" VARCHAR2(20 BYTE), 
	"CINEMANO" VARCHAR2(20 BYTE)
   ) SEGMENT CREATION IMMEDIATE 
  PCTFREE 10 PCTUSED 40 INITRANS 1 MAXTRANS 255 NOCOMPRESS LOGGING
  STORAGE(INITIAL 65536 NEXT 1048576 MINEXTENTS 1 MAXEXTENTS 2147483645
  PCTINCREASE 0 FREELISTS 1 FREELIST GROUPS 1 BUFFER_POOL DEFAULT FLASH_CACHE DEFAULT CELL_FLASH_CACHE DEFAULT)
  TABLESPACE "SYSTEM" ;
--------------------------------------------------------
--  DDL for Table SCREENUP
--------------------------------------------------------

  CREATE TABLE "MAC"."SCREENUP" 
   (	"SCREENUPNO" NUMBER(10,0), 
	"MOVIENO" NUMBER(10,0), 
	"SCREENNO" VARCHAR2(20 BYTE), 
	"SCREENUPSTARTDATE" DATE, 
	"SCREENUPENDDATE" DATE
   ) SEGMENT CREATION IMMEDIATE 
  PCTFREE 10 PCTUSED 40 INITRANS 1 MAXTRANS 255 NOCOMPRESS LOGGING
  STORAGE(INITIAL 65536 NEXT 1048576 MINEXTENTS 1 MAXEXTENTS 2147483645
  PCTINCREASE 0 FREELISTS 1 FREELIST GROUPS 1 BUFFER_POOL DEFAULT FLASH_CACHE DEFAULT CELL_FLASH_CACHE DEFAULT)
  TABLESPACE "SYSTEM" ;
--------------------------------------------------------
--  DDL for Table SEAT
--------------------------------------------------------

  CREATE TABLE "MAC"."SEAT" 
   (	"SEATNO" VARCHAR2(10 BYTE), 
	"SEATROW" VARCHAR2(20 BYTE), 
	"SEATCOL" NUMBER(2,0)
   ) SEGMENT CREATION IMMEDIATE 
  PCTFREE 10 PCTUSED 40 INITRANS 1 MAXTRANS 255 NOCOMPRESS LOGGING
  STORAGE(INITIAL 65536 NEXT 1048576 MINEXTENTS 1 MAXEXTENTS 2147483645
  PCTINCREASE 0 FREELISTS 1 FREELIST GROUPS 1 BUFFER_POOL DEFAULT FLASH_CACHE DEFAULT CELL_FLASH_CACHE DEFAULT)
  TABLESPACE "SYSTEM" ;
--------------------------------------------------------
--  DDL for Table SEATSTATE
--------------------------------------------------------

  CREATE TABLE "MAC"."SEATSTATE" 
   (	"SEATSTATENO" NUMBER(10,0), 
	"SEATNO" VARCHAR2(10 BYTE), 
	"TIMENO" VARCHAR2(20 BYTE), 
	"SCREENNO" VARCHAR2(20 BYTE), 
	"SEATSTATEDATE" DATE
   ) SEGMENT CREATION IMMEDIATE 
  PCTFREE 10 PCTUSED 40 INITRANS 1 MAXTRANS 255 NOCOMPRESS LOGGING
  STORAGE(INITIAL 65536 NEXT 1048576 MINEXTENTS 1 MAXEXTENTS 2147483645
  PCTINCREASE 0 FREELISTS 1 FREELIST GROUPS 1 BUFFER_POOL DEFAULT FLASH_CACHE DEFAULT CELL_FLASH_CACHE DEFAULT)
  TABLESPACE "SYSTEM" ;
--------------------------------------------------------
--  DDL for Table TIME
--------------------------------------------------------

  CREATE TABLE "MAC"."TIME" 
   (	"TIMENO" VARCHAR2(20 BYTE), 
	"TIMESET" VARCHAR2(30 BYTE)
   ) SEGMENT CREATION IMMEDIATE 
  PCTFREE 10 PCTUSED 40 INITRANS 1 MAXTRANS 255 NOCOMPRESS LOGGING
  STORAGE(INITIAL 65536 NEXT 1048576 MINEXTENTS 1 MAXEXTENTS 2147483645
  PCTINCREASE 0 FREELISTS 1 FREELIST GROUPS 1 BUFFER_POOL DEFAULT FLASH_CACHE DEFAULT CELL_FLASH_CACHE DEFAULT)
  TABLESPACE "SYSTEM" ;
REM INSERTING into MAC.ADMIN
SET DEFINE OFF;
Insert into MAC.ADMIN (ADMINID,ADMINPW) values ('admin','admin');
REM INSERTING into MAC.BOOKING
SET DEFINE OFF;
Insert into MAC.BOOKING (BOOKINGNO,SCREENUPNO,MEMBERID,TIMENO,BOOKINGDATE,BOOKINGCOUNT,BOOKINGPRICE) values (1,18,'aaa','17',to_date('19/05/17','RR/MM/DD'),4,44000);
REM INSERTING into MAC.BOOKINGSEAT
SET DEFINE OFF;
Insert into MAC.BOOKINGSEAT (BOOKINGSEATNO,BOOKINGNO,SEATNO) values (1,1,'J5');
Insert into MAC.BOOKINGSEAT (BOOKINGSEATNO,BOOKINGNO,SEATNO) values (2,1,'J6');
Insert into MAC.BOOKINGSEAT (BOOKINGSEATNO,BOOKINGNO,SEATNO) values (3,1,'J7');
Insert into MAC.BOOKINGSEAT (BOOKINGSEATNO,BOOKINGNO,SEATNO) values (4,1,'J8');
REM INSERTING into MAC.CINEMA
SET DEFINE OFF;
Insert into MAC.CINEMA (CINEMANO,CINEMANAME) values ('YONGSAN','MAC용산아이파크몰');
Insert into MAC.CINEMA (CINEMANO,CINEMANAME) values ('GANGNAM','MAC강남');
Insert into MAC.CINEMA (CINEMANO,CINEMANAME) values ('MIA','MAC미아');
Insert into MAC.CINEMA (CINEMANO,CINEMANAME) values ('HONGDAE','MAC홍대');
Insert into MAC.CINEMA (CINEMANO,CINEMANAME) values ('DONGDAEMUN','MAC동대문');
REM INSERTING into MAC.EVENT
SET DEFINE OFF;
Insert into MAC.EVENT (EVENTNO,EVENTTITLE,EVENTFILE,EVENTREADCOUNT,EVENTDATE) values (1,'스페셜이벤트','이벤트1-1.jpg',0,to_date('19/04/25','RR/MM/DD'));
Insert into MAC.EVENT (EVENTNO,EVENTTITLE,EVENTFILE,EVENTREADCOUNT,EVENTDATE) values (2,'스페셜이벤트','이벤트2-2.jpg',0,to_date('19/04/25','RR/MM/DD'));
Insert into MAC.EVENT (EVENTNO,EVENTTITLE,EVENTFILE,EVENTREADCOUNT,EVENTDATE) values (3,'스페셜이벤트','이벤트3-3.jpg',0,to_date('19/04/25','RR/MM/DD'));
Insert into MAC.EVENT (EVENTNO,EVENTTITLE,EVENTFILE,EVENTREADCOUNT,EVENTDATE) values (4,'관람평이벤트','이벤트4-4.jpg',0,to_date('19/04/25','RR/MM/DD'));
Insert into MAC.EVENT (EVENTNO,EVENTTITLE,EVENTFILE,EVENTREADCOUNT,EVENTDATE) values (5,'관람평이벤트','이벤트5-5.jpg',0,to_date('19/04/25','RR/MM/DD'));
Insert into MAC.EVENT (EVENTNO,EVENTTITLE,EVENTFILE,EVENTREADCOUNT,EVENTDATE) values (6,'관람평이벤트','이벤트6-6.jpg',0,to_date('19/04/25','RR/MM/DD'));
REM INSERTING into MAC.ITEM
SET DEFINE OFF;
Insert into MAC.ITEM (ITEMNO,ITEMNAME,ITEMIMAGE,ITEMPRICE) values (1,'팝콘콤보','팝콘콤보.jpg',13000);
Insert into MAC.ITEM (ITEMNO,ITEMNAME,ITEMIMAGE,ITEMPRICE) values (2,'햄버거','햄버거.jpg',6000);
Insert into MAC.ITEM (ITEMNO,ITEMNAME,ITEMIMAGE,ITEMPRICE) values (3,'칠리치즈나쵸','칠리치즈나쵸.jpg',5000);
Insert into MAC.ITEM (ITEMNO,ITEMNAME,ITEMIMAGE,ITEMPRICE) values (4,'칠리치즈핫도그','칠리치즈핫도그.jpg',5000);
Insert into MAC.ITEM (ITEMNO,ITEMNAME,ITEMIMAGE,ITEMPRICE) values (5,'치즈볼','치즈볼.jpg',4500);
Insert into MAC.ITEM (ITEMNO,ITEMNAME,ITEMIMAGE,ITEMPRICE) values (6,'오징어','오징어.jpg',6000);
Insert into MAC.ITEM (ITEMNO,ITEMNAME,ITEMIMAGE,ITEMPRICE) values (7,'떡볶이','떡볶이.jpg',5000);
Insert into MAC.ITEM (ITEMNO,ITEMNAME,ITEMIMAGE,ITEMPRICE) values (8,'스팸계란말이','스팸계란말이.jpg',5500);
Insert into MAC.ITEM (ITEMNO,ITEMNAME,ITEMIMAGE,ITEMPRICE) values (9,'콜라','콜라.jpg',2500);
Insert into MAC.ITEM (ITEMNO,ITEMNAME,ITEMIMAGE,ITEMPRICE) values (10,'자몽에이드','자몽에이드.jpg',4000);
Insert into MAC.ITEM (ITEMNO,ITEMNAME,ITEMIMAGE,ITEMPRICE) values (11,'오렌지에이드','오렌지에이드.jpg',4000);
Insert into MAC.ITEM (ITEMNO,ITEMNAME,ITEMIMAGE,ITEMPRICE) values (12,'아메리카노','아메리카노.jpg',3000);
REM INSERTING into MAC.MEMBER
SET DEFINE OFF;
Insert into MAC.MEMBER (MEMBERID,MEMBERPW,MEMBERNAME,MEMBERBIRTH,MEMBERPHONE,MEMBEREMAIL,MEMBERADDRESS,MEMBERPOST,MEMBERPOINT,MEMBERGRADENO,MEMBERAMOUNT,MEMBERSTATE) values ('aaa','123','백길동',to_date('19/04/11','RR/MM/DD'),'01099999999','abcdabcdhnj@naver.com','서울 강북구 수유로12가길 3-2 (수유동)','01115',2200,'0',44000,0);
Insert into MAC.MEMBER (MEMBERID,MEMBERPW,MEMBERNAME,MEMBERBIRTH,MEMBERPHONE,MEMBEREMAIL,MEMBERADDRESS,MEMBERPOST,MEMBERPOINT,MEMBERGRADENO,MEMBERAMOUNT,MEMBERSTATE) values ('ABC','ABC','ABC',to_date('90/01/01','RR/MM/DD'),'01075596366','ABC@ABC','서울시 마포구 제기동','02456',0,'0',0,0);
Insert into MAC.MEMBER (MEMBERID,MEMBERPW,MEMBERNAME,MEMBERBIRTH,MEMBERPHONE,MEMBEREMAIL,MEMBERADDRESS,MEMBERPOST,MEMBERPOINT,MEMBERGRADENO,MEMBERAMOUNT,MEMBERSTATE) values ('DEF','DEF','DEF',to_date('91/01/01','RR/MM/DD'),'01099546366','DEF@DEF','대구광역시 강북구 신설동','03584',0,'0',0,0);
Insert into MAC.MEMBER (MEMBERID,MEMBERPW,MEMBERNAME,MEMBERBIRTH,MEMBERPHONE,MEMBEREMAIL,MEMBERADDRESS,MEMBERPOST,MEMBERPOINT,MEMBERGRADENO,MEMBERAMOUNT,MEMBERSTATE) values ('GHI','GHI','GHI',to_date('92/01/01','RR/MM/DD'),'01071896366','GHI@GHI','대전광역시 강남구 상봉동','03974',0,'0',0,0);
Insert into MAC.MEMBER (MEMBERID,MEMBERPW,MEMBERNAME,MEMBERBIRTH,MEMBERPHONE,MEMBEREMAIL,MEMBERADDRESS,MEMBERPOST,MEMBERPOINT,MEMBERGRADENO,MEMBERAMOUNT,MEMBERSTATE) values ('ZKL','ZKL','ZKL',to_date('93/01/01','RR/MM/DD'),'01087096366','ZKL@ZKL','부산광역시 종로구 가리봉동','07935',0,'0',0,0);
Insert into MAC.MEMBER (MEMBERID,MEMBERPW,MEMBERNAME,MEMBERBIRTH,MEMBERPHONE,MEMBEREMAIL,MEMBERADDRESS,MEMBERPOST,MEMBERPOINT,MEMBERGRADENO,MEMBERAMOUNT,MEMBERSTATE) values ('MNO','MNO','MNO',to_date('94/01/01','RR/MM/DD'),'01081096366','MNO@MNO','울산광역시 강동구 강도동','09813',0,'0',0,0);
Insert into MAC.MEMBER (MEMBERID,MEMBERPW,MEMBERNAME,MEMBERBIRTH,MEMBERPHONE,MEMBEREMAIL,MEMBERADDRESS,MEMBERPOST,MEMBERPOINT,MEMBERGRADENO,MEMBERAMOUNT,MEMBERSTATE) values ('PQR','PQR','PQR',to_date('95/01/01','RR/MM/DD'),'01081816366','PQR@PQR','강릉광역시 강서구 별관A동','05684',0,'0',0,0);
Insert into MAC.MEMBER (MEMBERID,MEMBERPW,MEMBERNAME,MEMBERBIRTH,MEMBERPHONE,MEMBEREMAIL,MEMBERADDRESS,MEMBERPOST,MEMBERPOINT,MEMBERGRADENO,MEMBERAMOUNT,MEMBERSTATE) values ('STU','STU','STU',to_date('96/01/01','RR/MM/DD'),'01048606366','STU@STU','원주광역시 일산구 오름동','08644',0,'0',0,0);
Insert into MAC.MEMBER (MEMBERID,MEMBERPW,MEMBERNAME,MEMBERBIRTH,MEMBERPHONE,MEMBEREMAIL,MEMBERADDRESS,MEMBERPOST,MEMBERPOINT,MEMBERGRADENO,MEMBERAMOUNT,MEMBERSTATE) values ('VWX','VWX','VWX',to_date('97/01/01','RR/MM/DD'),'01046466366','VWX@VWX','광주광역시 용산구 내름동','01596',0,'0',0,0);
Insert into MAC.MEMBER (MEMBERID,MEMBERPW,MEMBERNAME,MEMBERBIRTH,MEMBERPHONE,MEMBEREMAIL,MEMBERADDRESS,MEMBERPOST,MEMBERPOINT,MEMBERGRADENO,MEMBERAMOUNT,MEMBERSTATE) values ('YZA','YZA','YZA',to_date('98/01/01','RR/MM/DD'),'01078896366','YZA@YZA','전주광역시 여기구 알지동','06417',0,'0',0,0);
Insert into MAC.MEMBER (MEMBERID,MEMBERPW,MEMBERNAME,MEMBERBIRTH,MEMBERPHONE,MEMBEREMAIL,MEMBERADDRESS,MEMBERPOST,MEMBERPOINT,MEMBERGRADENO,MEMBERAMOUNT,MEMBERSTATE) values ('BCD','BCD','BCD',to_date('99/01/01','RR/MM/DD'),'01055696366','BCD@BCD','나주광역시 그렇구 이해했동','03854',0,'0',0,0);
Insert into MAC.MEMBER (MEMBERID,MEMBERPW,MEMBERNAME,MEMBERBIRTH,MEMBERPHONE,MEMBEREMAIL,MEMBERADDRESS,MEMBERPOST,MEMBERPOINT,MEMBERGRADENO,MEMBERAMOUNT,MEMBERSTATE) values ('EFG','EFG','EFG',to_date('91/02/01','RR/MM/DD'),'01097806366','EFG@EFG','충주광역시 열리구 닫힘동','04854',0,'0',0,0);
Insert into MAC.MEMBER (MEMBERID,MEMBERPW,MEMBERNAME,MEMBERBIRTH,MEMBERPHONE,MEMBEREMAIL,MEMBERADDRESS,MEMBERPOST,MEMBERPOINT,MEMBERGRADENO,MEMBERAMOUNT,MEMBERSTATE) values ('HIJ','HIJ','HIJ',to_date('93/02/01','RR/MM/DD'),'01083306366','HIJ@HIJ','청주광역시 모르구 안가동','03574',0,'0',0,0);
Insert into MAC.MEMBER (MEMBERID,MEMBERPW,MEMBERNAME,MEMBERBIRTH,MEMBERPHONE,MEMBEREMAIL,MEMBERADDRESS,MEMBERPOST,MEMBERPOINT,MEMBERGRADENO,MEMBERAMOUNT,MEMBERSTATE) values ('KLM','KLM','KLM',to_date('93/02/01','RR/MM/DD'),'01047476366','KLM@KLM','화성광역시 비싸구 돈업동','04255',0,'0',0,0);
Insert into MAC.MEMBER (MEMBERID,MEMBERPW,MEMBERNAME,MEMBERBIRTH,MEMBERPHONE,MEMBEREMAIL,MEMBERADDRESS,MEMBERPOST,MEMBERPOINT,MEMBERGRADENO,MEMBERAMOUNT,MEMBERSTATE) values ('AAA','AAA','AAA',to_date('90/01/01','RR/MM/DD'),'01063667559','ABC@ABC','서울시 마포구 제기동','02456',0,'0',0,0);
Insert into MAC.MEMBER (MEMBERID,MEMBERPW,MEMBERNAME,MEMBERBIRTH,MEMBERPHONE,MEMBEREMAIL,MEMBERADDRESS,MEMBERPOST,MEMBERPOINT,MEMBERGRADENO,MEMBERAMOUNT,MEMBERSTATE) values ('BBB','BBB','BBB',to_date('91/01/01','RR/MM/DD'),'01063669954','DEF@DEF','대구광역시 강북구 신설동','03584',0,'0',0,0);
Insert into MAC.MEMBER (MEMBERID,MEMBERPW,MEMBERNAME,MEMBERBIRTH,MEMBERPHONE,MEMBEREMAIL,MEMBERADDRESS,MEMBERPOST,MEMBERPOINT,MEMBERGRADENO,MEMBERAMOUNT,MEMBERSTATE) values ('CCC','CCC','CCC',to_date('92/01/01','RR/MM/DD'),'01063667189','GHI@GHI','대전광역시 강남구 상봉동','03974',0,'0',0,0);
Insert into MAC.MEMBER (MEMBERID,MEMBERPW,MEMBERNAME,MEMBERBIRTH,MEMBERPHONE,MEMBEREMAIL,MEMBERADDRESS,MEMBERPOST,MEMBERPOINT,MEMBERGRADENO,MEMBERAMOUNT,MEMBERSTATE) values ('DDD','DDD','DDD',to_date('93/01/01','RR/MM/DD'),'01063668709','ZKL@ZKL','부산광역시 종로구 가리봉동','07935',0,'0',0,0);
Insert into MAC.MEMBER (MEMBERID,MEMBERPW,MEMBERNAME,MEMBERBIRTH,MEMBERPHONE,MEMBEREMAIL,MEMBERADDRESS,MEMBERPOST,MEMBERPOINT,MEMBERGRADENO,MEMBERAMOUNT,MEMBERSTATE) values ('EEE','EEE','EEE',to_date('94/01/01','RR/MM/DD'),'01063668109','MNO@MNO','울산광역시 강동구 강도동','09813',0,'0',0,0);
Insert into MAC.MEMBER (MEMBERID,MEMBERPW,MEMBERNAME,MEMBERBIRTH,MEMBERPHONE,MEMBEREMAIL,MEMBERADDRESS,MEMBERPOST,MEMBERPOINT,MEMBERGRADENO,MEMBERAMOUNT,MEMBERSTATE) values ('FFF','FFF','FFF',to_date('95/01/01','RR/MM/DD'),'01063668181','PQR@PQR','강릉광역시 강서구 별관A동','05684',0,'0',0,0);
Insert into MAC.MEMBER (MEMBERID,MEMBERPW,MEMBERNAME,MEMBERBIRTH,MEMBERPHONE,MEMBEREMAIL,MEMBERADDRESS,MEMBERPOST,MEMBERPOINT,MEMBERGRADENO,MEMBERAMOUNT,MEMBERSTATE) values ('GGG','GGG','GGG',to_date('96/01/01','RR/MM/DD'),'01063664860','STU@STU','원주광역시 일산구 오름동','08644',0,'0',0,0);
Insert into MAC.MEMBER (MEMBERID,MEMBERPW,MEMBERNAME,MEMBERBIRTH,MEMBERPHONE,MEMBEREMAIL,MEMBERADDRESS,MEMBERPOST,MEMBERPOINT,MEMBERGRADENO,MEMBERAMOUNT,MEMBERSTATE) values ('HHH','HHH','HHH',to_date('97/01/01','RR/MM/DD'),'01063664646','VWX@VWX','광주광역시 용산구 내름동','01596',0,'0',0,0);
Insert into MAC.MEMBER (MEMBERID,MEMBERPW,MEMBERNAME,MEMBERBIRTH,MEMBERPHONE,MEMBEREMAIL,MEMBERADDRESS,MEMBERPOST,MEMBERPOINT,MEMBERGRADENO,MEMBERAMOUNT,MEMBERSTATE) values ('III','III','III',to_date('98/01/01','RR/MM/DD'),'01063667889','YZA@YZA','전주광역시 여기구 알지동','06417',0,'0',0,0);
Insert into MAC.MEMBER (MEMBERID,MEMBERPW,MEMBERNAME,MEMBERBIRTH,MEMBERPHONE,MEMBEREMAIL,MEMBERADDRESS,MEMBERPOST,MEMBERPOINT,MEMBERGRADENO,MEMBERAMOUNT,MEMBERSTATE) values ('JJJ','JJJ','JJJ',to_date('99/01/01','RR/MM/DD'),'01063665569','BCD@BCD','나주광역시 그렇구 이해했동','03854',0,'0',0,0);
Insert into MAC.MEMBER (MEMBERID,MEMBERPW,MEMBERNAME,MEMBERBIRTH,MEMBERPHONE,MEMBEREMAIL,MEMBERADDRESS,MEMBERPOST,MEMBERPOINT,MEMBERGRADENO,MEMBERAMOUNT,MEMBERSTATE) values ('KKK','KKK','KKK',to_date('91/02/01','RR/MM/DD'),'01063669780','EFG@EFG','충주광역시 열리구 닫힘동','04854',0,'0',0,0);
Insert into MAC.MEMBER (MEMBERID,MEMBERPW,MEMBERNAME,MEMBERBIRTH,MEMBERPHONE,MEMBEREMAIL,MEMBERADDRESS,MEMBERPOST,MEMBERPOINT,MEMBERGRADENO,MEMBERAMOUNT,MEMBERSTATE) values ('LLL','LLL','LLL',to_date('93/02/01','RR/MM/DD'),'01063668330','HIJ@HIJ','청주광역시 모르구 안가동','03574',0,'0',0,0);
Insert into MAC.MEMBER (MEMBERID,MEMBERPW,MEMBERNAME,MEMBERBIRTH,MEMBERPHONE,MEMBEREMAIL,MEMBERADDRESS,MEMBERPOST,MEMBERPOINT,MEMBERGRADENO,MEMBERAMOUNT,MEMBERSTATE) values ('MMM','MMM','MMM',to_date('93/02/01','RR/MM/DD'),'01063664747','KLM@KLM','화성광역시 비싸구 돈업동','04255',0,'0',0,0);
Insert into MAC.MEMBER (MEMBERID,MEMBERPW,MEMBERNAME,MEMBERBIRTH,MEMBERPHONE,MEMBEREMAIL,MEMBERADDRESS,MEMBERPOST,MEMBERPOINT,MEMBERGRADENO,MEMBERAMOUNT,MEMBERSTATE) values ('ABC12','ABC12','ABC',to_date('90/01/01','RR/MM/DD'),'01075636659','ABC@ABC','서울시 마포구 제기동','02456',0,'0',0,0);
Insert into MAC.MEMBER (MEMBERID,MEMBERPW,MEMBERNAME,MEMBERBIRTH,MEMBERPHONE,MEMBEREMAIL,MEMBERADDRESS,MEMBERPOST,MEMBERPOINT,MEMBERGRADENO,MEMBERAMOUNT,MEMBERSTATE) values ('DEF12','DEF12','DEF',to_date('91/01/01','RR/MM/DD'),'01099636654','DEF@DEF','대구광역시 강북구 신설동','03584',0,'0',0,0);
Insert into MAC.MEMBER (MEMBERID,MEMBERPW,MEMBERNAME,MEMBERBIRTH,MEMBERPHONE,MEMBEREMAIL,MEMBERADDRESS,MEMBERPOST,MEMBERPOINT,MEMBERGRADENO,MEMBERAMOUNT,MEMBERSTATE) values ('GHI12','GHI12','GHI',to_date('92/01/01','RR/MM/DD'),'01071636689','GHI@GHI','대전광역시 강남구 상봉동','03974',0,'0',0,0);
Insert into MAC.MEMBER (MEMBERID,MEMBERPW,MEMBERNAME,MEMBERBIRTH,MEMBERPHONE,MEMBEREMAIL,MEMBERADDRESS,MEMBERPOST,MEMBERPOINT,MEMBERGRADENO,MEMBERAMOUNT,MEMBERSTATE) values ('ZKL12','ZKL12','ZKL',to_date('93/01/01','RR/MM/DD'),'01087636609','ZKL@ZKL','부산광역시 종로구 가리봉동','07935',0,'0',0,0);
Insert into MAC.MEMBER (MEMBERID,MEMBERPW,MEMBERNAME,MEMBERBIRTH,MEMBERPHONE,MEMBEREMAIL,MEMBERADDRESS,MEMBERPOST,MEMBERPOINT,MEMBERGRADENO,MEMBERAMOUNT,MEMBERSTATE) values ('MNO12','MNO12','MNO',to_date('94/01/01','RR/MM/DD'),'01081636609','MNO@MNO','울산광역시 강동구 강도동','09813',0,'0',0,0);
Insert into MAC.MEMBER (MEMBERID,MEMBERPW,MEMBERNAME,MEMBERBIRTH,MEMBERPHONE,MEMBEREMAIL,MEMBERADDRESS,MEMBERPOST,MEMBERPOINT,MEMBERGRADENO,MEMBERAMOUNT,MEMBERSTATE) values ('PQR12','PQR12','PQR',to_date('95/01/01','RR/MM/DD'),'01081636681','PQR@PQR','강릉광역시 강서구 별관A동','05684',0,'0',0,0);
Insert into MAC.MEMBER (MEMBERID,MEMBERPW,MEMBERNAME,MEMBERBIRTH,MEMBERPHONE,MEMBEREMAIL,MEMBERADDRESS,MEMBERPOST,MEMBERPOINT,MEMBERGRADENO,MEMBERAMOUNT,MEMBERSTATE) values ('STU12','STU12','STU',to_date('96/01/01','RR/MM/DD'),'01048636660','STU@STU','원주광역시 일산구 오름동','08644',0,'0',0,0);
Insert into MAC.MEMBER (MEMBERID,MEMBERPW,MEMBERNAME,MEMBERBIRTH,MEMBERPHONE,MEMBEREMAIL,MEMBERADDRESS,MEMBERPOST,MEMBERPOINT,MEMBERGRADENO,MEMBERAMOUNT,MEMBERSTATE) values ('VWX12','VWX12','VWX',to_date('97/01/01','RR/MM/DD'),'01046636646','VWX@VWX','광주광역시 용산구 내름동','01596',0,'0',0,0);
Insert into MAC.MEMBER (MEMBERID,MEMBERPW,MEMBERNAME,MEMBERBIRTH,MEMBERPHONE,MEMBEREMAIL,MEMBERADDRESS,MEMBERPOST,MEMBERPOINT,MEMBERGRADENO,MEMBERAMOUNT,MEMBERSTATE) values ('YZA12','YZA12','YZA',to_date('98/01/01','RR/MM/DD'),'01078636689','YZA@YZA','전주광역시 여기구 알지동','06417',0,'0',0,0);
Insert into MAC.MEMBER (MEMBERID,MEMBERPW,MEMBERNAME,MEMBERBIRTH,MEMBERPHONE,MEMBEREMAIL,MEMBERADDRESS,MEMBERPOST,MEMBERPOINT,MEMBERGRADENO,MEMBERAMOUNT,MEMBERSTATE) values ('BCD12','BCD12','BCD',to_date('99/01/01','RR/MM/DD'),'01055636669','BCD@BCD','나주광역시 그렇구 이해했동','03854',0,'0',0,0);
Insert into MAC.MEMBER (MEMBERID,MEMBERPW,MEMBERNAME,MEMBERBIRTH,MEMBERPHONE,MEMBEREMAIL,MEMBERADDRESS,MEMBERPOST,MEMBERPOINT,MEMBERGRADENO,MEMBERAMOUNT,MEMBERSTATE) values ('EFG12','EFG12','EFG',to_date('91/02/01','RR/MM/DD'),'01097636680','EFG@EFG','충주광역시 열리구 닫힘동','04854',0,'0',0,0);
Insert into MAC.MEMBER (MEMBERID,MEMBERPW,MEMBERNAME,MEMBERBIRTH,MEMBERPHONE,MEMBEREMAIL,MEMBERADDRESS,MEMBERPOST,MEMBERPOINT,MEMBERGRADENO,MEMBERAMOUNT,MEMBERSTATE) values ('HIJ12','HIJ12','HIJ',to_date('93/02/01','RR/MM/DD'),'01083636630','HIJ@HIJ','청주광역시 모르구 안가동','03574',0,'0',0,0);
Insert into MAC.MEMBER (MEMBERID,MEMBERPW,MEMBERNAME,MEMBERBIRTH,MEMBERPHONE,MEMBEREMAIL,MEMBERADDRESS,MEMBERPOST,MEMBERPOINT,MEMBERGRADENO,MEMBERAMOUNT,MEMBERSTATE) values ('KLM12','KLM12','KLM',to_date('93/02/01','RR/MM/DD'),'01047636647','KLM@KLM','화성광역시 비싸구 돈업동','04255',0,'0',0,0);
Insert into MAC.MEMBER (MEMBERID,MEMBERPW,MEMBERNAME,MEMBERBIRTH,MEMBERPHONE,MEMBEREMAIL,MEMBERADDRESS,MEMBERPOST,MEMBERPOINT,MEMBERGRADENO,MEMBERAMOUNT,MEMBERSTATE) values ('AAA12','AAA12','AAA',to_date('90/01/01','RR/MM/DD'),'01063755966','ABC@ABC','서울시 마포구 제기동','02456',0,'0',0,0);
Insert into MAC.MEMBER (MEMBERID,MEMBERPW,MEMBERNAME,MEMBERBIRTH,MEMBERPHONE,MEMBEREMAIL,MEMBERADDRESS,MEMBERPOST,MEMBERPOINT,MEMBERGRADENO,MEMBERAMOUNT,MEMBERSTATE) values ('BBB12','BBB12','BBB',to_date('91/01/01','RR/MM/DD'),'01063995466','DEF@DEF','대구광역시 강북구 신설동','03584',0,'0',0,0);
Insert into MAC.MEMBER (MEMBERID,MEMBERPW,MEMBERNAME,MEMBERBIRTH,MEMBERPHONE,MEMBEREMAIL,MEMBERADDRESS,MEMBERPOST,MEMBERPOINT,MEMBERGRADENO,MEMBERAMOUNT,MEMBERSTATE) values ('CCC12','CCC12','CCC',to_date('92/01/01','RR/MM/DD'),'01063718966','GHI@GHI','대전광역시 강남구 상봉동','03974',0,'0',0,0);
Insert into MAC.MEMBER (MEMBERID,MEMBERPW,MEMBERNAME,MEMBERBIRTH,MEMBERPHONE,MEMBEREMAIL,MEMBERADDRESS,MEMBERPOST,MEMBERPOINT,MEMBERGRADENO,MEMBERAMOUNT,MEMBERSTATE) values ('DDD12','DDD12','DDD',to_date('93/01/01','RR/MM/DD'),'01063870966','ZKL@ZKL','부산광역시 종로구 가리봉동','07935',0,'0',0,0);
Insert into MAC.MEMBER (MEMBERID,MEMBERPW,MEMBERNAME,MEMBERBIRTH,MEMBERPHONE,MEMBEREMAIL,MEMBERADDRESS,MEMBERPOST,MEMBERPOINT,MEMBERGRADENO,MEMBERAMOUNT,MEMBERSTATE) values ('EEE12','EEE12','EEE',to_date('94/01/01','RR/MM/DD'),'01063810966','MNO@MNO','울산광역시 강동구 강도동','09813',0,'0',0,0);
Insert into MAC.MEMBER (MEMBERID,MEMBERPW,MEMBERNAME,MEMBERBIRTH,MEMBERPHONE,MEMBEREMAIL,MEMBERADDRESS,MEMBERPOST,MEMBERPOINT,MEMBERGRADENO,MEMBERAMOUNT,MEMBERSTATE) values ('FFF12','FFF12','FFF',to_date('95/01/01','RR/MM/DD'),'01063818166','PQR@PQR','강릉광역시 강서구 별관A동','05684',0,'0',0,0);
Insert into MAC.MEMBER (MEMBERID,MEMBERPW,MEMBERNAME,MEMBERBIRTH,MEMBERPHONE,MEMBEREMAIL,MEMBERADDRESS,MEMBERPOST,MEMBERPOINT,MEMBERGRADENO,MEMBERAMOUNT,MEMBERSTATE) values ('GGG12','GGG12','GGG',to_date('96/01/01','RR/MM/DD'),'01063486066','STU@STU','원주광역시 일산구 오름동','08644',0,'0',0,0);
Insert into MAC.MEMBER (MEMBERID,MEMBERPW,MEMBERNAME,MEMBERBIRTH,MEMBERPHONE,MEMBEREMAIL,MEMBERADDRESS,MEMBERPOST,MEMBERPOINT,MEMBERGRADENO,MEMBERAMOUNT,MEMBERSTATE) values ('HHH12','HHH12','HHH',to_date('97/01/01','RR/MM/DD'),'01063464666','VWX@VWX','광주광역시 용산구 내름동','01596',0,'0',0,0);
Insert into MAC.MEMBER (MEMBERID,MEMBERPW,MEMBERNAME,MEMBERBIRTH,MEMBERPHONE,MEMBEREMAIL,MEMBERADDRESS,MEMBERPOST,MEMBERPOINT,MEMBERGRADENO,MEMBERAMOUNT,MEMBERSTATE) values ('III12','III12','III',to_date('98/01/01','RR/MM/DD'),'01063788966','YZA@YZA','전주광역시 여기구 알지동','06417',0,'0',0,0);
Insert into MAC.MEMBER (MEMBERID,MEMBERPW,MEMBERNAME,MEMBERBIRTH,MEMBERPHONE,MEMBEREMAIL,MEMBERADDRESS,MEMBERPOST,MEMBERPOINT,MEMBERGRADENO,MEMBERAMOUNT,MEMBERSTATE) values ('JJJ12','JJJ12','JJJ',to_date('99/01/01','RR/MM/DD'),'01063556966','BCD@BCD','나주광역시 그렇구 이해했동','03854',0,'0',0,0);
Insert into MAC.MEMBER (MEMBERID,MEMBERPW,MEMBERNAME,MEMBERBIRTH,MEMBERPHONE,MEMBEREMAIL,MEMBERADDRESS,MEMBERPOST,MEMBERPOINT,MEMBERGRADENO,MEMBERAMOUNT,MEMBERSTATE) values ('KKK12','KKK12','KKK',to_date('91/02/01','RR/MM/DD'),'01063978066','EFG@EFG','충주광역시 열리구 닫힘동','04854',0,'0',0,0);
Insert into MAC.MEMBER (MEMBERID,MEMBERPW,MEMBERNAME,MEMBERBIRTH,MEMBERPHONE,MEMBEREMAIL,MEMBERADDRESS,MEMBERPOST,MEMBERPOINT,MEMBERGRADENO,MEMBERAMOUNT,MEMBERSTATE) values ('LLL12','LLL12','LLL',to_date('93/02/01','RR/MM/DD'),'01063833066','HIJ@HIJ','청주광역시 모르구 안가동','03574',0,'0',0,0);
Insert into MAC.MEMBER (MEMBERID,MEMBERPW,MEMBERNAME,MEMBERBIRTH,MEMBERPHONE,MEMBEREMAIL,MEMBERADDRESS,MEMBERPOST,MEMBERPOINT,MEMBERGRADENO,MEMBERAMOUNT,MEMBERSTATE) values ('MMM12','MMM12','MMM',to_date('93/02/01','RR/MM/DD'),'01063474766','KLM@KLM','화성광역시 비싸구 돈업동','04255',0,'0',0,0);
REM INSERTING into MAC.MEMBERGRADE
SET DEFINE OFF;
Insert into MAC.MEMBERGRADE (MEMBERGRADENO,MEMBERGRADENAME) values ('0','NORMAL');
Insert into MAC.MEMBERGRADE (MEMBERGRADENO,MEMBERGRADENAME) values ('1','VIP');
REM INSERTING into MAC.MOVIE
SET DEFINE OFF;
Insert into MAC.MOVIE (MOVIENO,MOVIENAME,MOVIEDIRECTOR,MOVIEACTOR,MOVIEGENRE,MOVIECOUNTRY,MOVIEGRADE,MOVIERUNNINGTIME,MOVIERELEASE,MOVIEIMAGE,MOVIETRAILER,MOVIESTORY) values (1,'어벤져스: 엔드게임','안소니 루소, 조 루소','로버트 다우니 주니어, 크리스 에반스, 마크 러팔로, 크리스 헴스워스, 스칼렛 요한슨, 제레미 레너, 돈 치들, 폴 러드','액션','미국','12세','181분',to_date('19/04/24','RR/MM/DD'),'어벤져스 엔드게임.jpg','PVP5ZJuI57c','인피니티 워 이후 절반만 살아남은 지구
 마지막 희망이 된 어벤져스
 먼저 떠난 그들을 위해 모든 것을 걸었다!

 위대한 어벤져스
 운명을 바꿀 최후의 전쟁이 펼쳐진다!');
Insert into MAC.MOVIE (MOVIENO,MOVIENAME,MOVIEDIRECTOR,MOVIEACTOR,MOVIEGENRE,MOVIECOUNTRY,MOVIEGRADE,MOVIERUNNINGTIME,MOVIERELEASE,MOVIEIMAGE,MOVIETRAILER,MOVIESTORY) values (2,'애셔','마이클 카튼 존스','론 펄먼(애셔), 팜케 얀센(소피)','액션','미국','15세','104분',to_date('19/04/30','RR/MM/DD'),'애셔.jpg','X','줄거리
청부 살인 업자 ‘애셔’는 임무 수행 중에 우연히 만나게 된 ‘소피’에게 첫눈에 반하게 된다.
 오랜 시간 고독의 길을 걸었던 ‘애셔’에게 ‘소피’는 모든 것을 걸고 싶은 단 하나의 여인!
 낮에는 사람 죽이고, 밤에는 데이트 즐기던 어느 날, 괴한의 습격을 받게 되고
 자신과 ‘소피’가 적들의 표적이 되었다는 것을 알게 된다.
  ‘애셔’는 자신을 죽이려 했던 타깃을 혈혈단신으로 일망타진시킬 결심을 한다!');
Insert into MAC.MOVIE (MOVIENO,MOVIENAME,MOVIEDIRECTOR,MOVIEACTOR,MOVIEGENRE,MOVIECOUNTRY,MOVIEGRADE,MOVIERUNNINGTIME,MOVIERELEASE,MOVIEIMAGE,MOVIETRAILER,MOVIESTORY) values (3,'보딩 스쿨: 기숙학교','보아즈 야킨','루크 프랠, 윌 패튼, 스털링 제린스, 사만다 마티스, 데이빗 애론 베이커, 나디아 알렉산더, 타미 브랜차드','공포','미국','15세','112분',to_date('19/04/30','RR/MM/DD'),'보딩스쿨 기숙학교.jpg','7mPfI1VLsBs','비밀이 가득한 기숙학교
절대 벗어날 수 없다!
악몽을 자주 꾸는 제이콥은 기숙학교에 들어간다.
 그곳에서 조금은 이상하고 특별한 친구들을 만난다.
 엄격한 교장은 체벌도 서슴지 않고
 밤이면 죽음의 그림자가 서성이는데… 
 쉿! 숨소리도 내지마라. 
 누구도 살아남을 수 없다.

 기숙학교의 비밀이 밝혀진다!');
Insert into MAC.MOVIE (MOVIENO,MOVIENAME,MOVIEDIRECTOR,MOVIEACTOR,MOVIEGENRE,MOVIECOUNTRY,MOVIEGRADE,MOVIERUNNINGTIME,MOVIERELEASE,MOVIEIMAGE,MOVIETRAILER,MOVIESTORY) values (4,'스피닝 맨','시몬 카이저','가이 피어스, 피어스 브로스넌, 미니 드라이버, 오데야 러쉬, 알렉산드라 쉽, 클락 그레그, 제이미 케네디, 프레야 팅글리','스릴러','미국','15세','100분',to_date('19/04/29','RR/MM/DD'),'스피닝 맨.jpg','2yv2F42NzEg','여학생의 실종, 보이는 것과 믿는 것만이 전부가 아니다!
여학생이 실종된 후, 교수 ‘에반’이 유력한 용의자로 지목된다.
 평범한 ‘에반’의 삶은 하루아침 엉망이 되고 
 가족과 동료의 외면 속, 결백을 증명하기 위해 발버둥친다.
 하지만 명확한 사실과 달리 속속 발견되는 증거들,
 ‘에반’은 뒤엉킨 기억 속에서 새로운 진실을 찾기 시작하는데…

 기억 속 진실게임이 시작된다!');
Insert into MAC.MOVIE (MOVIENO,MOVIENAME,MOVIEDIRECTOR,MOVIEACTOR,MOVIEGENRE,MOVIECOUNTRY,MOVIEGRADE,MOVIERUNNINGTIME,MOVIERELEASE,MOVIEIMAGE,MOVIETRAILER,MOVIESTORY) values (6,'나의 특별한 형제','육상효','신하균, 이광수, 이솜, 박철민, 권해효, 길해연, 한별, 김경남','드라마','대한민국','12세','114분',to_date('19/05/01','RR/MM/DD'),'나의 특별한 형제.jpg','FWC99G-Nz2Q','머리 좀 쓰는 형 x 몸 좀 쓰는 동생!
세상엔 이런 형제도 있다!
비상한 두뇌를 가졌지만 동생 ‘동구’ 없이는 아무 데도 못 가는 형 ‘세하’(신하균), 
 뛰어난 수영실력을 갖췄지만 형 ‘세하’ 없이는 아무것도 못 하는 동생 ‘동구’(이광수). 
 이들은 피 한 방울 섞이지 않았지만 20년 동안 한 몸처럼 살아온 ‘특별한 형제’다. 

 어느 날 형제의 보금자리 ‘책임의 집’을 운영하던 신부님이 돌아가시자 
 모든 지원금이 끊기게 되고, 각각 다른 장애를 가진 두 사람은 헤어질 위기에 처하고 만다. 

 세하는 ‘책임의 집’을 지키고 동구와 떨어지지 않기 위해 
 구청 수영장 알바생이자 취준생 ‘미현’(이솜)을 수영코치로 영입하고, 
 동구를 수영대회에 출전시켜 사람들의 이목을 집중시키는 데 성공한다. 

 헤어지지 않을 수 있다는 희망을 본 것도 잠시, 
 예상치 못한 인물이 형제 앞에 등장하면서 형제는 새로운 위기를 겪게 되는데...!');
Insert into MAC.MOVIE (MOVIENO,MOVIENAME,MOVIEDIRECTOR,MOVIEACTOR,MOVIEGENRE,MOVIECOUNTRY,MOVIEGRADE,MOVIERUNNINGTIME,MOVIERELEASE,MOVIEIMAGE,MOVIETRAILER,MOVIESTORY) values (7,'미스 스티븐스','줄리아 하트','릴리 레이브, 티모시 샬라메, 릴리 라인하트, 앤서니 퀸틀','드라마','미국','전체','86분',to_date('19/05/02','RR/MM/DD'),'미스 스티븐스.jpg','FWPSC_VMUqY','연기에 특별한 재능이 있는 학교 요주의 인물 ‘빌리’ 
 완벽주의자 여왕 ‘마고’ 
 귀엽고 친근한 ‘샘’ 
 그리고 매력적인 영어 선생님 ‘미스 스티븐스’ 

 학교에서 매일 보지만 서로에 대해 잘 모르는 이들이 
 주말 3일동안 열리는 연극대회에 참가하게 된다. 
 그리고 빌리는 자신과 취향이 비슷하고 무언가 상처를 숨기고 있는 것 같은 
 스티븐스 선생님에게 묘한 동질감을 느끼며 이끌리게 되는데… 

 당신의 마음은 괜찮나요?');
Insert into MAC.MOVIE (MOVIENO,MOVIENAME,MOVIEDIRECTOR,MOVIEACTOR,MOVIEGENRE,MOVIECOUNTRY,MOVIEGRADE,MOVIERUNNINGTIME,MOVIERELEASE,MOVIEIMAGE,MOVIETRAILER,MOVIESTORY) values (8,'판의 미로 - 오필리아와 세 개의 열쇠','기예르모 델 토로','이바나 바쿠에로, 더그 존스, 세르지 로페즈','판타지','미국','15세','119분',to_date('06/11/30','RR/MM/DD'),'판의 미로 - 오필리아와 세 개의 열쇠.jpg','n8Tw30fyYic','1944년 스페인, 내전은 끝났지만 숲으로 숨은 시민군은 파시스트 정권에 계속해서 저항했고 그들을 진압하기 위해 정부군이 곳곳에 배치된다. 
 ‘오필리아’는 만삭의 엄마 ‘카르멘’과 함께 새아버지 ‘비달’ 대위가 있는 숲속 기지로 거처를 옮긴다. 
 정부군 소속으로 냉정하고 무서운 비달 대위를 비롯해 모든 것이 낯설어 두려움을 느끼던 오필리아는 어느 날 숲속에서 숨겨진 미로를 발견한다. 
 그리고 그곳에서 자신을 “산이고 숲이자 땅”이라 소개하는 기괴한 모습의 요정 ‘판’과 만난다. 

 오필리아를 반갑게 맞이한 판은, 그녀가 지하 왕국의 공주 ‘모안나’이며 보름달이 뜨기 전까지 세 가지 임무를 끝내면 돌아갈 수 있다고 알려주면서 미래를 볼 수 있는 “선택의 책”을 건넨다. 
 오필리아는 전쟁보다 더 무서운 현실 속에서 인간 세계를 떠나 지하 왕국으로 돌아가기로 결심하게 되는데… 

 용기, 인내, 그리고 마지막 임무… 
 판의 미로가 다시 열리고, 환상과 현실의 경계가 무너진다!');
Insert into MAC.MOVIE (MOVIENO,MOVIENAME,MOVIEDIRECTOR,MOVIEACTOR,MOVIEGENRE,MOVIECOUNTRY,MOVIEGRADE,MOVIERUNNINGTIME,MOVIERELEASE,MOVIEIMAGE,MOVIETRAILER,MOVIESTORY) values (9,'호텔 뭄바이','안소니 마라스','데브 파텔, 아미 해머, 나자닌 보니아디','범죄','오스트레일리아','15세','123분',to_date('19/05/08','RR/MM/DD'),'호텔 뭄바이.jpg','pkoFwyESk44','모든 것이 완벽한 호텔!
사상 최악의 테러가 시작된다!
100여 년 전통의 아름다운 초호화 호텔 타지는 오늘도 전 세계에서 온 수백 명의 사람들과 직원들로 북적인다.
 다양한 사람들이 호텔 안에서 저녁시간을 보내던 그 때 거대한 폭발음이 들리고 혼비백산한 인파가 호텔로 몰려온다.
 그리고 그들과 함께 커다란 배낭을 멘 젊은 청년 몇몇이 호텔로 들어오는데…');
Insert into MAC.MOVIE (MOVIENO,MOVIENAME,MOVIEDIRECTOR,MOVIEACTOR,MOVIEGENRE,MOVIECOUNTRY,MOVIEGRADE,MOVIERUNNINGTIME,MOVIERELEASE,MOVIEIMAGE,MOVIETRAILER,MOVIESTORY) values (10,'고양이 여행 리포트','미키 코이치로','후쿠시 소우타, 타카하타 미츠키, 다케우치 유코','드라마','일본','전체','119분',to_date('19/05/09','RR/MM/DD'),'고양이 여행 리포트.jpg','0a90I2Jtlao','“내 마지막 고양이가 너라서 참 좋았어”
당신 곁의 가장 소중한 존재는 누구인가요?
도도한 길냥이 나나에게 간택된 준비된 집사 사토루. 
 나나를 맡아줄 적임자를 찾기 위해 시작된 둘의 이별여행! 
 그리고 그 길에서 만나는 첫사랑, 옛 친구, 그리고 가족들과의 추억.. 
 사랑하는 고양이와 함께 소중한 사람들을 만나는 근사한 여정~ 
 사토루와 나나가 마지막으로 보게 되는 풍경은 과연 무엇일까?');
Insert into MAC.MOVIE (MOVIENO,MOVIENAME,MOVIEDIRECTOR,MOVIEACTOR,MOVIEGENRE,MOVIECOUNTRY,MOVIEGRADE,MOVIERUNNINGTIME,MOVIERELEASE,MOVIEIMAGE,MOVIETRAILER,MOVIESTORY) values (11,'라플라스의 마녀','미이케 다카시','사쿠라이 쇼, 히로세 스즈, 후쿠시 소우타, 타마키 히로시, 릴리 프랭키','미스터리','일본','12세','116분',to_date('19/05/09','RR/MM/DD'),'라플라스의 마녀.jpg','u6cCRVobyz0','유명 온천 휴양지, 영화 제작자의 시신이 발견된다. 
 사인은 황화수소 중독. 
 사망 사건이 발생한 지형적 특성상, 단순 사고를 확신하는 ‘아오에(사쿠라이 쇼)’ 교수 앞에 
 보험금을 노린 살인 사건으로 의심하는 ‘나카오카(타마키 히로시)’ 형사, 
 연쇄 살인의 가능성을 예고하는 미스터리한 소녀 ‘우하라 마도카(히로세 스즈)’가 나타난다. 

 그리고 얼마 뒤, 또 다른 온천 휴양지에서 무명 영화배우가 황화수소 중독으로 사망하는 사건이 발생한다. 
 ‘아오에’ 교수는, ‘나카오카 ‘형사의 가설하에 0.001%의 살인 가능성을 파헤치게 되는데… 

 인간의 한계를 넘어선 불가사의한 사망 사건 발생! 
 우연한 사고인가, 연쇄 살인 사건인가! 살인을 증명하라!');
Insert into MAC.MOVIE (MOVIENO,MOVIENAME,MOVIEDIRECTOR,MOVIEACTOR,MOVIEGENRE,MOVIECOUNTRY,MOVIEGRADE,MOVIERUNNINGTIME,MOVIERELEASE,MOVIEIMAGE,MOVIETRAILER,MOVIESTORY) values (12,'배심원들','홍승완','문소리, 박형식, 백수장, 김미경, 윤경호, 서정연, 조한철, 김홍파','드라마','대한민국','12세','114분',to_date('19/05/15','RR/MM/DD'),'배심원들.jpg','bXjhGVa3hSo','2008년 대한민국 첫 국민참여재판
모두에게 그날은 처음이었다!
국민이 참여하는 역사상 최초의 재판이 열리는 날. 
 모두의 이목이 집중된 가운데, 
 나이도 직업도 제각각인 8명의 보통 사람들이 배심원단으로 선정된다. 

 대한민국 첫 배심원이 된 그들 앞에 놓인 사건은 증거, 증언, 자백도 확실한 살해 사건. 
 양형 결정만 남아있던 재판이었지만 피고인이 갑자기 혐의를 부인하며 
 배심원들은 예정에 없던 유무죄를 다투게 된다. 

 생애 처음 누군가의 죄를 심판해야 하는 배심원들과 
 사상 처음으로 일반인들과 재판을 함께해야 하는 재판부. 
 모두가 난감한 상황 속 원칙주의자인 재판장 ‘준겸’(문소리)은 정확하고 신속하게 재판을 끌어가려고 한다. 
 하지만 끈질기게 질문과 문제 제기를 일삼는 8번 배심원 ‘남우’(박형식)를 비롯한 배심원들의 돌발 행동에 
 재판은 점점 예기치 못한 방향으로 흐르는데... 

 처음이라 더 잘하고 싶었던 
 보통 사람들의 가장 특별한 재판이 시작된다!');
Insert into MAC.MOVIE (MOVIENO,MOVIENAME,MOVIEDIRECTOR,MOVIEACTOR,MOVIEGENRE,MOVIECOUNTRY,MOVIEGRADE,MOVIERUNNINGTIME,MOVIERELEASE,MOVIEIMAGE,MOVIETRAILER,MOVIESTORY) values (13,'악인전','이원태','마동석, 김무열, 김성규','범죄','대한민국','청소년 관람불가','120분',to_date('19/05/15','RR/MM/DD'),'악인전.jpg','cYcXFHsNgeQ','우연히 연쇄살인마의 표적이 되었다 살아난 조직 보스 장동수와 
 범인잡기에 혈안이 된 강력반 미친개 정태석. 
 타협할 수 없는 두 사람이 연쇄살인마 K를 잡기 위해 손잡는다. 

 표적은 하나, 룰도 하나! 
 먼저 잡는 놈이 갖는다!');
Insert into MAC.MOVIE (MOVIENO,MOVIENAME,MOVIEDIRECTOR,MOVIEACTOR,MOVIEGENRE,MOVIECOUNTRY,MOVIEGRADE,MOVIERUNNINGTIME,MOVIERELEASE,MOVIEIMAGE,MOVIETRAILER,MOVIESTORY) values (14,'나의 히어로 아카데미아 더 무비: 두 명의 히어로','나가사키 켄지','야마시타 다이키, 오카모토 노부히코, 미야케 켄타, 시다 미라이','애니메이션','일본','전체 관람가','96분',to_date('19/05/16','RR/MM/DD'),'나의 히어로 아카데미아 더 무비 두 명의 히어로.jpg','fTgmX11b2iA','소년, 소녀들이여! 네 안의 영웅을 깨워라!
최강 빌런에 맞서 너의 ‘개성’을 찾아라!
모두가 ‘개성’이라는 초능력을 가진 세계, 여기에 ‘무개성’의 소년이 있었다! 
 하지만 소년은 ‘개성’ 대신 히어로가 될 조건을 가지고 있었는데… 
 NO.1 히어로 ‘올마이트’의 뒤를 잇는 새로운 영웅 탄생 
 개성이 없어도, 넌 세상을 빛낼 히어로가 될 수 있다!');
Insert into MAC.MOVIE (MOVIENO,MOVIENAME,MOVIEDIRECTOR,MOVIEACTOR,MOVIEGENRE,MOVIECOUNTRY,MOVIEGRADE,MOVIERUNNINGTIME,MOVIERELEASE,MOVIEIMAGE,MOVIETRAILER,MOVIESTORY) values (15,'논-픽션','올리비에 아사야스','줄리엣 비노쉬, 기욤 까네, 빈센트 맥케인','드라마','기타','15세','107분',to_date('19/05/16','RR/MM/DD'),'논-픽션.jpg','nnwi4NZYO1A','줄거리
''종이책과 E북 사이에서 고민에 빠졌다'' 성공한 편집장, 알랭
 ''부부는 욕망만으로 살지 않는다'' 아름다운 스타배우, 셀레나
 ''나의 연애사를 책에 썼다'' 작가, 레오나르
 ''남편의 연애를 눈치챘다'' 정치인 비서관, 발레리
 ''종이책의 시대를 바꾸고 싶다'' 젊은 디지털 마케터, 로르

 모든 게 완벽한 쿨한 파리지엥들의
 지적인 토크가 폭죽처럼 터진다!');
Insert into MAC.MOVIE (MOVIENO,MOVIENAME,MOVIEDIRECTOR,MOVIEACTOR,MOVIEGENRE,MOVIECOUNTRY,MOVIEGRADE,MOVIERUNNINGTIME,MOVIERELEASE,MOVIEIMAGE,MOVIETRAILER,MOVIESTORY) values (16,'서스페리아','루카 구아다니노','다코타 존슨, 틸다 스윈튼, 클로이 모레츠','공포','이탈리아','청소년 관람불가','152분',to_date('19/05/16','RR/MM/DD'),'서스페리아.jpg','ObdjZjGwbbU','"...빠져든다"
마담 블랑의 무용 아카데미에 들어가기 위해 미국에서 베를린으로 찾아온 소녀 수지
 그리고 그 곳에서 겪는 기이하고 놀라운 경험');
Insert into MAC.MOVIE (MOVIENO,MOVIENAME,MOVIEDIRECTOR,MOVIEACTOR,MOVIEGENRE,MOVIECOUNTRY,MOVIEGRADE,MOVIERUNNINGTIME,MOVIERELEASE,MOVIEIMAGE,MOVIETRAILER,MOVIESTORY) values (17,'너의 목소리','이토 나오유키','카타히라 미나, 미모리 스즈코, 타나카 유키','애니메이션','일본','전체','94분',to_date('19/05/23','RR/MM/DD'),'너의 목소리.jpg','1t0VWg2X51A','16살 나기사는 좋은 말은 희망이, 나쁜 말은 화가 되어 돌아온다는 말의 영혼(고토다마)을 믿는다. 
 어느 날, 하교길에 친구 가에데가 못된 말을 하자 화가 난 나기사는 우연히 ''아쿠아마린''이라는 주인 없는 카페에서 고장난 라디오 부스를 발견하고 그 곳에서 속마음을 털어 놓는다. 
 한편, 라디오의 사연을 들은 익명의 제보자는 나기사에게 편지를 보내는데... 

 그 여름, 우리가 만든 기적이 시작된다!');
Insert into MAC.MOVIE (MOVIENO,MOVIENAME,MOVIEDIRECTOR,MOVIEACTOR,MOVIEGENRE,MOVIECOUNTRY,MOVIEGRADE,MOVIERUNNINGTIME,MOVIERELEASE,MOVIEIMAGE,MOVIETRAILER,MOVIESTORY) values (18,'0.0MHz','유선동','정은지, 이성열, 최윤영, 신주환, 정원창','공포','대한민국','청소년 관람불가','120분',to_date('19/05/31','RR/MM/DD'),'0.0MHz.jpg','acL52UZ2fhU','에디슨의 마지막 발명품, 유령 탐지기?
 “증명할 수 없는 미스터리란 없다”
 가지 말라는 곳에 가야 하는 이유가 있다

 세상에 일어나는 초자연 미스터리를 분석하는 동아리 0.0MHz 멤버들이 귀신을 부르는 주파수를 증명하기 위해 우하리의 한 흉가를 찾은 후 기이한 현상이 멈추지 않는데…');
Insert into MAC.MOVIE (MOVIENO,MOVIENAME,MOVIEDIRECTOR,MOVIEACTOR,MOVIEGENRE,MOVIECOUNTRY,MOVIEGRADE,MOVIERUNNINGTIME,MOVIERELEASE,MOVIEIMAGE,MOVIETRAILER,MOVIESTORY) values (19,'고질라: 킹 오브 몬스터','마이클 도허티','밀리 바비 브라운, 베라 파미가,  카일 챈들러, 샐리 호킨스, 브래드리 휘트포드','액션','미국','12세','132분',to_date('19/05/31','RR/MM/DD'),'고질라 킹 오브 몬스터.jpg','NnIWNAUwAsQ','고질라와 초거대 몬스터들의 등장이라는 전례 없는 재앙으로 위기에 빠진 지구의 운명을 건 블록버스터');
Insert into MAC.MOVIE (MOVIENO,MOVIENAME,MOVIEDIRECTOR,MOVIEACTOR,MOVIEGENRE,MOVIECOUNTRY,MOVIEGRADE,MOVIERUNNINGTIME,MOVIERELEASE,MOVIEIMAGE,MOVIETRAILER,MOVIESTORY) values (20,'기생충','봉준호','송강호, 이선균, 조여정','드라마','대한민국','15세','131분',to_date('19/05/31','RR/MM/DD'),'기생충.jpg','jBdRhhSt3Bc','줄거리
전원백수인 ‘기택’네 장남 ‘기우’가 고액 과외 면접을 위해 
 ‘박사장’네 집에 발을 들이면서 시작된 두 가족의 만남이 걷잡을 수 없는 사건으로 번져가는 이야기');
Insert into MAC.MOVIE (MOVIENO,MOVIENAME,MOVIEDIRECTOR,MOVIEACTOR,MOVIEGENRE,MOVIECOUNTRY,MOVIEGRADE,MOVIERUNNINGTIME,MOVIERELEASE,MOVIEIMAGE,MOVIETRAILER,MOVIESTORY) values (21,'명탐정 피카츄','롭 레터맨','라이언 레이놀즈, 저스티스 스미스,캐서린 뉴튼, 수키 워터하우스, 빌 나이','모험','미국','12세','120분',to_date('19/05/31','RR/MM/DD'),'명탐정 피카츄.jpg','qY8IjzYOA8w','“탐정이 아냐, 명탐정이지!”
세상을 구할 번쩍이는 추리가 시작된다!
기억을 잃은 채 깨어난 피카츄, 난 누구? 여긴 어디? 
 유일한 단서는 탐정모자에 적힌 해리란 이름과 주소. 
 주소 속 아파트에서 자신의 말을 유일하게 알아 듣는, 
 실종된 해리의 아들 팀 굿맨을 만나게 된다. 
 명탐정의 촉으로 이건 그야말로 대.박.사.건! 
 사라진 아빠를 찾기 위해 피카츄와 떠나는 기상천외한 모험이 시작된다. 
 피카피카!');
Insert into MAC.MOVIE (MOVIENO,MOVIENAME,MOVIEDIRECTOR,MOVIEACTOR,MOVIEGENRE,MOVIECOUNTRY,MOVIEGRADE,MOVIERUNNINGTIME,MOVIERELEASE,MOVIEIMAGE,MOVIETRAILER,MOVIESTORY) values (22,'알라딘','가이 리치','메나 마수드, 윌 스미스, 나오미 스콧','모험','미국','12세','120분',to_date('19/05/31','RR/MM/DD'),'알라딘.jpg','KrM3vS5sy2w','머나먼 사막 속 신비의 아그라바 왕국의 시대. 
 좀도둑 ‘알라딘’은 마법사 ‘자파’의 의뢰로 마법 램프를 찾아 나섰다가 
 주인에게 세 가지 소원을 들어주는 지니를 만나게 되고, 
 자스민 공주의 마음을 얻으려다 생각도 못했던 모험에 휘말리게 되는데…');
Insert into MAC.MOVIE (MOVIENO,MOVIENAME,MOVIEDIRECTOR,MOVIEACTOR,MOVIEGENRE,MOVIECOUNTRY,MOVIEGRADE,MOVIERUNNINGTIME,MOVIERELEASE,MOVIEIMAGE,MOVIETRAILER,MOVIESTORY) values (23,'맨 인 블랙: 인터내셔널','F. 게리 그레이','크리스 헴스워스, 테사 톰슨, 리암 니슨,엠마 톰슨, 레베카 퍼거슨','코미디','미국','15세','130분',to_date('19/06/13','RR/MM/DD'),'맨 인 블랙 인터내셔널.jpg','IGrXIWEJSgM',null);
Insert into MAC.MOVIE (MOVIENO,MOVIENAME,MOVIEDIRECTOR,MOVIEACTOR,MOVIEGENRE,MOVIECOUNTRY,MOVIEGRADE,MOVIERUNNINGTIME,MOVIERELEASE,MOVIEIMAGE,MOVIETRAILER,MOVIESTORY) values (24,'엑스맨: 다크 피닉스','사이먼 킨버그','제임스 맥어보이, 마이클 패스벤더, 제니퍼 로렌스, 니콜라스 홀트, 소피 터너','액션','미국','15세','134분',to_date('19/06/13','RR/MM/DD'),'엑스맨 다크 피닉스.jpg','u7lRdG2qXxg','두려워하라!
영원한 히어로는 없다
어린 시절 비극적 교통사고로 자신의 능력을 알게 된 진 그레이는 
 자비에 영재학교에서 새로운 가족을 맞이하게 된다. 
 엄청난 잠재적 능력을 지닌 그녀는 엑스맨으로 성장해 우주에서 구조 임무를 수행하던 중 
 목숨을 잃을 뻔한 사고를 겪는다. 예기치 못한 사고 이후 폭주하는 힘과 
 억눌려왔던 어둠에 눈을 뜨게 된 진 그레이는 엑스맨의 가장 강력하고 파괴적인 적, 
 다크 피닉스로 변하게 된다. 프로페서 X는 물론 매그니토까지 능가하는 두려운 존재가 된 그녀 앞에 
 힘을 이용하려는 미스터리한 외계 존재가 나타나 그녀를 뒤흔들고, 
 지금까지 엑스맨이 이뤄온 모든 것들이 무너지는 가운데 
 엑스맨은 사랑하는 친구이자 가장 강력한 적이 된 다크 피닉스와 맞서야 하는데…');
Insert into MAC.MOVIE (MOVIENO,MOVIENAME,MOVIEDIRECTOR,MOVIEACTOR,MOVIEGENRE,MOVIECOUNTRY,MOVIEGRADE,MOVIERUNNINGTIME,MOVIERELEASE,MOVIEIMAGE,MOVIETRAILER,MOVIESTORY) values (25,'커런트 워','알폰소 고메즈-레존','베네딕트 컴버배치, 마이클 섀넌, 니콜라스 홀트, 톰 홀랜드, 캐서린 워터스턴','드라마','미국','12세','105분',to_date('19/06/29','RR/MM/DD'),'커런트 워.jpg','KtbtLwpzn8A','천재는 1%의 영감과 99%의 쇼맨십으로 만들어진다.
1,093개의 특허, 노력의 아이콘, 타고난 천재 발명가 
 당신이 알던 에디슨은 더 이상 없다. 

 천재적 사업가이자 괴짜 승부사! 
 누구나 알지만 아무도 몰랐던 그의 진짜 전쟁이 시작된다!');
Insert into MAC.MOVIE (MOVIENO,MOVIENAME,MOVIEDIRECTOR,MOVIEACTOR,MOVIEGENRE,MOVIECOUNTRY,MOVIEGRADE,MOVIERUNNINGTIME,MOVIERELEASE,MOVIEIMAGE,MOVIETRAILER,MOVIESTORY) values (26,'분노의 질주: 홉스&쇼','데이빗 레이치','드웨인 존슨, 제이슨 스타뎀, 이드리스 엘바, 바네사 커비, 에이사 곤살레스','액션','미국','청소년 관람불가','131분',to_date('19/08/15','RR/MM/DD'),'분노의 질주 홉스&쇼.jpg','8qg9A_vUH38','절대적 라이벌이었던 ‘루크 홉스’(드웨인 존슨)와 ‘데카드 쇼’(제이슨 스타뎀)가 사상 최강, 최악의 적에 맞서기 위해 팀을 결성하면서 시작되는 액션 블록버스터');
Insert into MAC.MOVIE (MOVIENO,MOVIENAME,MOVIEDIRECTOR,MOVIEACTOR,MOVIEGENRE,MOVIECOUNTRY,MOVIEGRADE,MOVIERUNNINGTIME,MOVIERELEASE,MOVIEIMAGE,MOVIETRAILER,MOVIESTORY) values (27,'겨울왕국 2','크리스 벅, 제니퍼 리','크리스틴 벨, 이디나 멘젤, 조시 게드, 조나단 그로프','애니메이션','미국','전체','120분',to_date('19/12/25','RR/MM/DD'),'겨울왕국 2.jpg','3WUw9thZR4k',null);
Insert into MAC.MOVIE (MOVIENO,MOVIENAME,MOVIEDIRECTOR,MOVIEACTOR,MOVIEGENRE,MOVIECOUNTRY,MOVIEGRADE,MOVIERUNNINGTIME,MOVIERELEASE,MOVIEIMAGE,MOVIETRAILER,MOVIESTORY) values (28,'생일','이종언','설경구, 전도연','드라마','대한민국','전체','120분',to_date('19/04/03','RR/MM/DD'),'생일.jpg','INVrxnQ5E7s','"2014년 4월 이후... 남겨진 우리들의 이야기"

 세상을 먼저 떠난 아들 ‘수호’ 에 대한 그리움을 안고 살아가는 ''정일''과 ''순남''의 가족.
 어김없이 올해도 아들의 생일이 돌아오고, 가족들의 그리움은 더욱 커져만 간다.

 수호가 없는 수호의 생일.
 가족과 친구들은 함께 모여 서로가 간직했던 특별한 기억을 선물하기로 하는데..

 1년에 단 하루. 널 위해, 우리 모두가 다시 만나는 날.
 "영원히 널 잊지 않을게."');
Insert into MAC.MOVIE (MOVIENO,MOVIENAME,MOVIEDIRECTOR,MOVIEACTOR,MOVIEGENRE,MOVIECOUNTRY,MOVIEGRADE,MOVIERUNNINGTIME,MOVIERELEASE,MOVIEIMAGE,MOVIETRAILER,MOVIESTORY) values (30,'캡틴 마블','애너 보든, 라이언 플렉','브리 라슨, 사무엘 L. 잭슨, 벤 멘델슨, 주드 로, 아네트 베닝','액션','미국','12세','123분',to_date('19/03/06','RR/MM/DD'),'캡틴 마블.jpg','fei0t3TlbFQ','위기에 빠진 어벤져스의 희망!
1995년, 공군 파일럿 시절의 기억을 잃고 
 크리족 전사로 살아가던 캐럴 댄버스(브리 라슨)가 지구에 불시착한다. 
 쉴드 요원 닉 퓨리(사무엘 L. 잭슨)에게 발견되어 팀을 이룬 그들은 
 지구로 향하는 더 큰 위협을 감지하고 
 힘을 합쳐 전쟁을 끝내야 하는데…');
Insert into MAC.MOVIE (MOVIENO,MOVIENAME,MOVIEDIRECTOR,MOVIEACTOR,MOVIEGENRE,MOVIECOUNTRY,MOVIEGRADE,MOVIERUNNINGTIME,MOVIERELEASE,MOVIEIMAGE,MOVIETRAILER,MOVIESTORY) values (31,'요로나의 저주','마이클 차베즈','린다 카델리니, 로만 크리스토우, 제이니-린 킨첸','공포','미국','15세','93분',to_date('19/04/17','RR/MM/DD'),'요로나의 저주.jpg','shrhba5-v8A','들리니, 밤마다 우는 ‘요로나’의 울음소리?
1973년, 애나는 남편 없이 두 아이와 살고 있다. 사회복지사인 애나가 담당하던 한 여인의 아이들이 불의의 사고로 목숨을 잃자, 그녀는 이것이 ‘요로나’의 짓이라면서 애나에게도 똑같은 저주가 내릴 것이라 예언한다. 
 어느 날부터인가 울음소리가 들려오고 의문의 존재가 아이들을 위협하는데... 

 전 세계가 벌벌 떤 최강 물귀신, 
 요로나의 울음소리가 들리면 절대 벗어날 수 없다!');
Insert into MAC.MOVIE (MOVIENO,MOVIENAME,MOVIEDIRECTOR,MOVIEACTOR,MOVIEGENRE,MOVIECOUNTRY,MOVIEGRADE,MOVIERUNNINGTIME,MOVIERELEASE,MOVIEIMAGE,MOVIETRAILER,MOVIESTORY) values (32,'미성년','김윤석','염정아, 김소진, 김혜준','드라마','대한민국','15세','96분',to_date('19/04/11','RR/MM/DD'),'미성년.jpg','2r6FaDvHnb0','"알아?"
"어떻게 모르냐. 배가 불러오는데..."
같은 학교 2학년 주리(김혜준)와 윤아(박세진)가 학교 옥상에서 만났다. 
 최근 주리의 아빠 대원(김윤석)과 윤아의 엄마 미희(김소진) 사이에 벌어진 일을 알게 된 두 사람.
 이 상황이 커지는 것을 막고 싶은 주리는 어떻게든 엄마 영주(염정아) 몰래 수습해보려 하지만
 윤아는 어른들 일에는 관심 없다며 엮이지 않으려 한다. 
 그 때, 떨어진 주리의 핸드폰을 뺏어든 윤아는 영주의 전화를 받아 
 그 동안 감춰왔던 엄청난 비밀을 폭로해 버리고, 이를 본 주리는 멘붕에 빠지게 되는데… 

 폭풍 같은 사건을 마주한 두 가족의 이야기가 시작된다.');
Insert into MAC.MOVIE (MOVIENO,MOVIENAME,MOVIEDIRECTOR,MOVIEACTOR,MOVIEGENRE,MOVIECOUNTRY,MOVIEGRADE,MOVIERUNNINGTIME,MOVIERELEASE,MOVIEIMAGE,MOVIETRAILER,MOVIESTORY) values (33,'헬보이','닐 마샬','데이빗 하버, 밀라 요보비치, 이안 맥쉐인, 대니얼 대 킴, 사샤 레인','액션','미국','청소년 관람불가','121분',to_date('19/04/10','RR/MM/DD'),'헬보이.jpg','HzvR3dQiniA','''헬보이'' 자신이 소속된 B.P.R.D의 임무로 
 영국의 한 비밀 단체의 괴수 사냥을 도우러 갔지만 되려 공격을 당하고, 
 곧 영국에서 어마어마한 일이 벌어지고 있다는 것을 알게 된다. 
 서기 517년, 아서왕에게 패하고 몸이 6조각으로 나뉘어 봉인된 ''블러드 퀸''을 다시 부활시켜 
 인류를 파멸시키려는 초자연적 빌런들에 의해 영국은 물론 전 세계가 위험에 빠지게 된다. 
 헬보이는 이들에 맞서 인류를 위험으로부터 구해야만 하는데… 

 * B.P.R.D(Bureau of Paranormal Research & Defense): 초자연 현상 연구 방위국');
Insert into MAC.MOVIE (MOVIENO,MOVIENAME,MOVIEDIRECTOR,MOVIEACTOR,MOVIEGENRE,MOVIECOUNTRY,MOVIEGRADE,MOVIERUNNINGTIME,MOVIERELEASE,MOVIEIMAGE,MOVIETRAILER,MOVIESTORY) values (34,'돈','박누리','류준열, 유지태, 조우진','범죄','대한민국','15세','115분',to_date('19/03/20','RR/MM/DD'),'돈.jpg','wD8yeua-AnA','“부자가 되고 싶었다”
오직 부자가 되고 싶은 꿈을 품고 여의도 증권가에 입성한 신입 주식 브로커 조일현(류준열). 
 빽도 줄도 없는, 수수료 O원의 그는 곧 해고 직전의 처지로 몰린다.
 위기의 순간, 베일에 싸인 신화적인 작전 설계자 번호표(유지태)를 만나게 되고, 
 막대한 이익을 챙길 수 있는 거래 참여를 제안 받는다. 
 위험한 제안을 받아들인 후 순식간에 큰 돈을 벌게 되는 일현. 
 승승장구하는 일현 앞에 번호표의 뒤를 쫓던 금융감독원의 사냥개 한지철(조우진)이 나타나 
 그를 조여 오기 시작하는데…');
Insert into MAC.MOVIE (MOVIENO,MOVIENAME,MOVIEDIRECTOR,MOVIEACTOR,MOVIEGENRE,MOVIECOUNTRY,MOVIEGRADE,MOVIERUNNINGTIME,MOVIERELEASE,MOVIEIMAGE,MOVIETRAILER,MOVIESTORY) values (35,'왓칭','김성기','강예원, 이학주','스릴러','대한민국','15세','97분',to_date('19/04/17','RR/MM/DD'),'왓칭.jpg','BKRdQ-p2PPU','회사 주차장에서 납치 당한 여자(강예원)가 자신을 조여오는 감시를 피해 필사의 탈주를 감행하는 공포 스릴러');
Insert into MAC.MOVIE (MOVIENO,MOVIENAME,MOVIEDIRECTOR,MOVIEACTOR,MOVIEGENRE,MOVIECOUNTRY,MOVIEGRADE,MOVIERUNNINGTIME,MOVIERELEASE,MOVIEIMAGE,MOVIETRAILER,MOVIESTORY) values (36,'콜레트','워시 웨스트모어랜드','키이라 나이틀리, 도미닉 웨스트, 데니스 고프, 엘리너 톰린슨, 아이샤 하트','드라마','미국','15세','112분',to_date('19/03/27','RR/MM/DD'),'콜레트.jpg','DKPK8JnjOp0','프랑스 생 소뵈르 작은 마을의 소녀 콜레트 
 바람둥이 소설 편집자 윌리와 사랑에 빠져 파리에 왔지만 기대만큼 행복하지 않다 
 파리의 콧대 높은 사교계와 화려하기만 한 물랑루즈에 지쳐갈 무렵 
 경제적 어려움에 처한 윌리의 부탁으로 자신의 경험을 녹인 소설을 쓰게 된다 

 콜레트의 소설은 남편의 이름으로 출판되어 베스트셀러에 오르고 
 급기야 소설 속 주인공 이름을 딴 브랜드까지 런칭, 
 모든 상품들을 완판시키며 신드롬을 일으킨다 
 패션, 헤어스타일까지 유행을 이끌며 최고의 인플루언서가 되지만 
 모든 성공과 명예는 남편 윌리에게 돌아간다 
 남편 뒤에 숨어있던 콜레트는 용기를 내어 자신의 존재를 드러내기로 결심하는데… 

 더 이상 사랑을 위해 희생하지 않고, 
 남들의 시선을 위해 치장하지 않기로 결심한 콜레트! 
 그녀가 이제, 진짜 세상으로 당당히 걸어 나온다!');
Insert into MAC.MOVIE (MOVIENO,MOVIENAME,MOVIEDIRECTOR,MOVIEACTOR,MOVIEGENRE,MOVIECOUNTRY,MOVIEGRADE,MOVIERUNNINGTIME,MOVIERELEASE,MOVIEIMAGE,MOVIETRAILER,MOVIESTORY) values (37,'내 사랑','에이슬링 월쉬','샐리 호킨스, 에단 호크','멜로/로맨스','아일랜드','전체 관람가','115분',to_date('17/07/12','RR/MM/DD'),'내 사랑.jpg','nIGSBcqEdGw','“당신의 마지막 인생 로맨스는 언제였나요?
운명처럼 세상에서 가장 작은집에서 만난 에버렛과 모드. 
 혼자인 게 익숙했던 이들은 서서히 서로에게 물들어가며 깊은 사랑을 하게 되고 서로의 사랑을 풍경처럼 담는다.');
Insert into MAC.MOVIE (MOVIENO,MOVIENAME,MOVIEDIRECTOR,MOVIEACTOR,MOVIEGENRE,MOVIECOUNTRY,MOVIEGRADE,MOVIERUNNINGTIME,MOVIERELEASE,MOVIEIMAGE,MOVIETRAILER,MOVIESTORY) values (38,'마담 프루스트의 비밀정원','실뱅 쇼메','귀욤 고익스, 앤 르 니, 베르나데트 라퐁','코미디','프랑스','12세','106분',to_date('14/07/24','RR/MM/DD'),'마담 프루스트의 비밀정원.jpg','SXXn84-1hjE','“당신의 기억, 행복한가요?”
어릴 적에 부모를 여읜 폴은 말을 잃은 채 두 이모와 함께 산다. 이모들은 폴을 세계적인 피아니스트로 만들려고 했지만 33살의 폴은 댄스교습소에서 피아노 연주를 하는 것이 전부이다. 그러던 어느 날 우연히 이웃 마담 프루스트의 집을 방문한 폴은 그녀가 키우는 작물을 먹고 과거의 상처와 추억을 떠올리게 되는데…');
Insert into MAC.MOVIE (MOVIENO,MOVIENAME,MOVIEDIRECTOR,MOVIEACTOR,MOVIEGENRE,MOVIECOUNTRY,MOVIEGRADE,MOVIERUNNINGTIME,MOVIERELEASE,MOVIEIMAGE,MOVIETRAILER,MOVIESTORY) values (39,'스파이더맨: 파 프롬 홈','존 왓츠','톰 홀랜드, 제이크 질렌할, 젠다야 콜맨, 사무엘L. 잭슨, 제이콥 배덜런','액션','미국','15세','141분',to_date('19/07/17','RR/MM/DD'),'스파이더맨 파 프롬 홈.jpg','ckJr4C17CSo','평범한 일상으로 돌아온 스파이더맨 ‘피터 파커’(톰 홀랜드)가 학교 친구들과 함께 떠난 유럽 여행에서 새로운 빌런들과 정체불명의 인물 ‘미스테리오’(제이크 질렌할)를 만나면서 벌어지는 이야기를 그린 마블 액션 블록버스터');
Insert into MAC.MOVIE (MOVIENO,MOVIENAME,MOVIEDIRECTOR,MOVIEACTOR,MOVIEGENRE,MOVIECOUNTRY,MOVIEGRADE,MOVIERUNNINGTIME,MOVIERELEASE,MOVIEIMAGE,MOVIETRAILER,MOVIESTORY) values (40,'벤 이즈 백','피터 헤지스','줄리아 로버츠, 루카스 헤지스','드라마','미국','15세','103분',to_date('19/05/09','RR/MM/DD'),'벤 이즈 백.jpg','l1-lTaOBxz4','크리스마스 파티 준비가 한창이던 ‘홀리’의 가족은
 약물 중독으로 인한 재활 치료를 받고 있던 ‘벤’의 예고 없는 방문으로 당황한다.

 반가운 마음과 함께 걱정이 앞선 ‘홀리’는 ‘벤’에게 
 24시간 동안 절대 떨어지지 않겠다는 약속을 받아내지만,
 반려견 ‘폰스’가 사라지는 등 일련의 사건들이 겹치면서
 가족의 일상에 균열이 생기고 갈등이 시작된다.

 그리고 ‘폰스’를 찾기 위해 ‘벤’과 동행하게 된 ‘홀리’는 
 예상치 못했던 ‘벤’의 진짜 모습을 마주하게 되는데… 

 끝까지 지키고 싶었던 우리의 24시간!
 가장 증오하고 사랑하는 내 아들, <벤 이즈 백>');
Insert into MAC.MOVIE (MOVIENO,MOVIENAME,MOVIEDIRECTOR,MOVIEACTOR,MOVIEGENRE,MOVIECOUNTRY,MOVIEGRADE,MOVIERUNNINGTIME,MOVIERELEASE,MOVIEIMAGE,MOVIETRAILER,MOVIESTORY) values (41,'더 보이','데이비드 야로베스키','잭슨 A.던, 엘리자베스 뱅크스, 데이비드 덴맨','공포','미국','15세','123분',to_date('19/05/23','RR/MM/DD'),'더 보이.jpg','Ce0emmx6Ky0','슈퍼히어로의 힘을 가진 다른 세계에서 온 소년
두려워하라
어느 날, 간절히 아기를 원하던 부부에게 찾아온 
 다른 세계의 소년 ‘브랜든’ 
 부모의 보살핌 속에 평범하게 자라던 중 
 자신에게 숨겨진 강력한 힘을 깨닫게 되면서 
 인류를 위협할 사악한 본성을 드러내기 시작하는데… 

 그는 과연 축복인가, 재앙인가?');
Insert into MAC.MOVIE (MOVIENO,MOVIENAME,MOVIEDIRECTOR,MOVIEACTOR,MOVIEGENRE,MOVIECOUNTRY,MOVIEGRADE,MOVIERUNNINGTIME,MOVIERELEASE,MOVIEIMAGE,MOVIETRAILER,MOVIESTORY) values (42,'언더 더 씨2','에반 트라멜','오은수, 방지원, 송영인','애니메이션','미국','전체','70분',to_date('19/05/23','RR/MM/DD'),'언더 더 씨2.jpg','2iaRfO1E1l4','줄거리
피시테일 산호초에 사는 파스텔 물고기 피피가 학교에 가는 첫날. 
 단짝인 친구들과 한 반이 되고, 
 고대했던 샤크 선생님이 담임 선생님이 되자 아이들은 마냥 기쁘다. 
 샤크 선생님은 첫날부터 아이들을 데리고 현장 학습에 나서는데, 
 그건 바로 깊은 바다에 가라앉은 전설의 침몰선을 보러 가는 것!

 피피와 릴리는 침몰선 안을 구경하던 중 바다 괴물에게 쫓겨 
 정신없이 도망치다 낯선 곳에서 길을 잃고 만다.

 과연 이 둘은 무사히 집으로 되돌아갈 수 있을까?');
Insert into MAC.MOVIE (MOVIENO,MOVIENAME,MOVIEDIRECTOR,MOVIEACTOR,MOVIEGENRE,MOVIECOUNTRY,MOVIEGRADE,MOVIERUNNINGTIME,MOVIERELEASE,MOVIEIMAGE,MOVIETRAILER,MOVIESTORY) values (43,'갤버스턴','멜라니 로랑','벤 포스터, 엘르 패닝, 릴리 라인하트, 마리아 발베르드, 보 브리지스','액션','미국','15세','94분',to_date('19/05/09','RR/MM/DD'),'갤버스턴.jpg','zMjnZ4TEjVg','지옥 속을 살고 있는 ‘로이’(벤 포스터)는 한 사건을 계기로
 지옥에서 벗어나고 싶어하는 소녀 ‘록키’(엘르 패닝)를 만난다.
 로이는 유독 자신의 눈빛을 닮은 록키에게 희망을 선물하고 싶지만,
 록키의 동생 ''티파니''와 관련된 비밀이 밝혀지면서 셋은 점점 위험한 상황에 빠지게 되는데…

 세상의 끝 마지막 낙원 갤버스턴, 그들은 과거의 족쇄를 끊을 수 있을까?');
Insert into MAC.MOVIE (MOVIENO,MOVIENAME,MOVIEDIRECTOR,MOVIEACTOR,MOVIEGENRE,MOVIECOUNTRY,MOVIEGRADE,MOVIERUNNINGTIME,MOVIERELEASE,MOVIEIMAGE,MOVIETRAILER,MOVIESTORY) values (44,'어린 의뢰인','장규성','이동휘, 유선, 최명빈','드라마','대한민국','12세','114분',to_date('19/05/14','RR/MM/DD'),'어린 의뢰인.jpg','ZjUidX1WGBc','“제가 동생을 죽였어요”
당신에게 찾아온 뜨거운 질문! 
 “당신은 이 아이를 외면하시겠습니까?” 

 인생 최대 목표는 오직 성공뿐인 변호사 ‘정엽’ 
 주변에 무관심한 그에게 ‘다빈’과 ‘민준’ 남매가 자꾸 귀찮게 얽힌다. 
 오랫동안 기다렸던 대형 로펌 합격 소식을 듣게 된 ‘정엽’은 믿을 수 없는 사실을 알게 된다. 
 10살 소녀 ‘다빈’이 7살 남동생을 죽였다는 충격적인 자백 
 뒤늦게 미안함을 느낀 ‘정엽’은 자신의 모든 것을 걸고 
 ‘다빈’의 엄마 ‘지숙’에게 숨겨진 진실을 밝히려고 하는데…');
Insert into MAC.MOVIE (MOVIENO,MOVIENAME,MOVIEDIRECTOR,MOVIEACTOR,MOVIEGENRE,MOVIECOUNTRY,MOVIEGRADE,MOVIERUNNINGTIME,MOVIERELEASE,MOVIEIMAGE,MOVIETRAILER,MOVIESTORY) values (45,'세상을 바꾼 변호인','미미 레더','펠리시티 존스, 아미 해머, 저스틴 서룩스','드라마','미국','12세','120분',to_date('19/06/13','RR/MM/DD'),'세상을 바꾼 변호인.jpg','u_oCSESy7bw','성차별 세상을 바꾼 변호사 루스 긴즈버그의 반생애를 재현한 영화');
REM INSERTING into MAC.MOVIERATING
SET DEFINE OFF;
REM INSERTING into MAC.NOTICE
SET DEFINE OFF;
Insert into MAC.NOTICE (NOTICENO,NOTICETITLE,NOTICECONTENT,NOTICEFILE,NOTICEREADCOUNT,NOTICEDATE) values (1,'주자장 사용시간 변경을 알려드립니다.','주자장 사용시간이 이렇게 변경 되었음을 알려드립니다!','noimg.jpg',0,to_date('19/04/25','RR/MM/DD'));
Insert into MAC.NOTICE (NOTICENO,NOTICETITLE,NOTICECONTENT,NOTICEFILE,NOTICEREADCOUNT,NOTICEDATE) values (2,'영화관 이용에 불편을 드려 죄송합니다.','영화관 이용에 불편을 드려 죄송합니다',null,1,to_date('19/04/25','RR/MM/DD'));
Insert into MAC.NOTICE (NOTICENO,NOTICETITLE,NOTICECONTENT,NOTICEFILE,NOTICEREADCOUNT,NOTICEDATE) values (3,'영화 상영시간 변경을 알려드립니다.','최범석','noimg.jpg',1,to_date('19/04/25','RR/MM/DD'));
Insert into MAC.NOTICE (NOTICENO,NOTICETITLE,NOTICECONTENT,NOTICEFILE,NOTICEREADCOUNT,NOTICEDATE) values (4,'12월 상영 예정작입니다','12월 상영 예정작입니다',null,1,to_date('19/04/25','RR/MM/DD'));
Insert into MAC.NOTICE (NOTICENO,NOTICETITLE,NOTICECONTENT,NOTICEFILE,NOTICEREADCOUNT,NOTICEDATE) values (5,'11월 상영 예정작입니다','11월 상영 예정작입니다','noimg.jpg',2,to_date('19/04/25','RR/MM/DD'));
Insert into MAC.NOTICE (NOTICENO,NOTICETITLE,NOTICECONTENT,NOTICEFILE,NOTICEREADCOUNT,NOTICEDATE) values (6,'10월 상영 예정작입니다','10월 상영 예정작입니다',null,1,to_date('19/04/25','RR/MM/DD'));
Insert into MAC.NOTICE (NOTICENO,NOTICETITLE,NOTICECONTENT,NOTICEFILE,NOTICEREADCOUNT,NOTICEDATE) values (7,'09월 상영 예정작입니다','09월 상영 예정작입니다','noimg.jpg',1,to_date('19/04/25','RR/MM/DD'));
Insert into MAC.NOTICE (NOTICENO,NOTICETITLE,NOTICECONTENT,NOTICEFILE,NOTICEREADCOUNT,NOTICEDATE) values (8,'08월 상영 예정작입니다','08월 상영 예정작입니다',null,1,to_date('19/04/25','RR/MM/DD'));
Insert into MAC.NOTICE (NOTICENO,NOTICETITLE,NOTICECONTENT,NOTICEFILE,NOTICEREADCOUNT,NOTICEDATE) values (9,'07월 상영 예정작입니다','07월 상영 예정작입니다','noimg.jpg',1,to_date('19/04/25','RR/MM/DD'));
Insert into MAC.NOTICE (NOTICENO,NOTICETITLE,NOTICECONTENT,NOTICEFILE,NOTICEREADCOUNT,NOTICEDATE) values (10,'06월 상영 예정작입니다','06월 상영 예정작입니다',null,0,to_date('19/04/25','RR/MM/DD'));
Insert into MAC.NOTICE (NOTICENO,NOTICETITLE,NOTICECONTENT,NOTICEFILE,NOTICEREADCOUNT,NOTICEDATE) values (11,'05월 상영 예정작입니다','05월 상영 예정작입니다','noimg.jpg',0,to_date('19/04/25','RR/MM/DD'));
Insert into MAC.NOTICE (NOTICENO,NOTICETITLE,NOTICECONTENT,NOTICEFILE,NOTICEREADCOUNT,NOTICEDATE) values (12,'04월 상영 예정작입니다','04월 상영 예정작입니다',null,0,to_date('19/04/25','RR/MM/DD'));
Insert into MAC.NOTICE (NOTICENO,NOTICETITLE,NOTICECONTENT,NOTICEFILE,NOTICEREADCOUNT,NOTICEDATE) values (13,'03월 상영 예정작입니다','03월 상영 예정작입니다','noimg.jpg',0,to_date('19/04/25','RR/MM/DD'));
Insert into MAC.NOTICE (NOTICENO,NOTICETITLE,NOTICECONTENT,NOTICEFILE,NOTICEREADCOUNT,NOTICEDATE) values (14,'02월 상영 예정작입니다','02월 상영 예정작입니다',null,0,to_date('19/04/25','RR/MM/DD'));
Insert into MAC.NOTICE (NOTICENO,NOTICETITLE,NOTICECONTENT,NOTICEFILE,NOTICEREADCOUNT,NOTICEDATE) values (15,'01월 상영 예정작입니다','01월 상영 예정작입니다','noimg.jpg',0,to_date('19/04/25','RR/MM/DD'));
Insert into MAC.NOTICE (NOTICENO,NOTICETITLE,NOTICECONTENT,NOTICEFILE,NOTICEREADCOUNT,NOTICEDATE) values (16,'주자장 사용시간 변경을 알려드립니다.','주자장 사용시간이 이렇게 변경 되었음을 알려드립니다!','noimg.jpg',0,to_date('19/04/25','RR/MM/DD'));
Insert into MAC.NOTICE (NOTICENO,NOTICETITLE,NOTICECONTENT,NOTICEFILE,NOTICEREADCOUNT,NOTICEDATE) values (17,'영화관 이용에 불편을 드려 죄송합니다.','영화관 이용에 불편을 드려 죄송합니다',null,0,to_date('19/04/25','RR/MM/DD'));
Insert into MAC.NOTICE (NOTICENO,NOTICETITLE,NOTICECONTENT,NOTICEFILE,NOTICEREADCOUNT,NOTICEDATE) values (18,'영화 상영시간 변경을 알려드립니다.','최범석','noimg.jpg',0,to_date('19/04/25','RR/MM/DD'));
Insert into MAC.NOTICE (NOTICENO,NOTICETITLE,NOTICECONTENT,NOTICEFILE,NOTICEREADCOUNT,NOTICEDATE) values (19,'12월 상영 예정작입니다','12월 상영 예정작입니다',null,0,to_date('19/04/25','RR/MM/DD'));
Insert into MAC.NOTICE (NOTICENO,NOTICETITLE,NOTICECONTENT,NOTICEFILE,NOTICEREADCOUNT,NOTICEDATE) values (20,'11월 상영 예정작입니다','11월 상영 예정작입니다','noimg.jpg',0,to_date('19/04/25','RR/MM/DD'));
Insert into MAC.NOTICE (NOTICENO,NOTICETITLE,NOTICECONTENT,NOTICEFILE,NOTICEREADCOUNT,NOTICEDATE) values (21,'10월 상영 예정작입니다','10월 상영 예정작입니다',null,0,to_date('19/04/25','RR/MM/DD'));
Insert into MAC.NOTICE (NOTICENO,NOTICETITLE,NOTICECONTENT,NOTICEFILE,NOTICEREADCOUNT,NOTICEDATE) values (22,'09월 상영 예정작입니다','09월 상영 예정작입니다','noimg.jpg',0,to_date('19/04/25','RR/MM/DD'));
Insert into MAC.NOTICE (NOTICENO,NOTICETITLE,NOTICECONTENT,NOTICEFILE,NOTICEREADCOUNT,NOTICEDATE) values (23,'08월 상영 예정작입니다','08월 상영 예정작입니다',null,0,to_date('19/04/25','RR/MM/DD'));
Insert into MAC.NOTICE (NOTICENO,NOTICETITLE,NOTICECONTENT,NOTICEFILE,NOTICEREADCOUNT,NOTICEDATE) values (24,'07월 상영 예정작입니다','07월 상영 예정작입니다','noimg.jpg',0,to_date('19/04/25','RR/MM/DD'));
Insert into MAC.NOTICE (NOTICENO,NOTICETITLE,NOTICECONTENT,NOTICEFILE,NOTICEREADCOUNT,NOTICEDATE) values (25,'06월 상영 예정작입니다','06월 상영 예정작입니다',null,0,to_date('19/04/25','RR/MM/DD'));
Insert into MAC.NOTICE (NOTICENO,NOTICETITLE,NOTICECONTENT,NOTICEFILE,NOTICEREADCOUNT,NOTICEDATE) values (26,'05월 상영 예정작입니다','05월 상영 예정작입니다','noimg.jpg',0,to_date('19/04/25','RR/MM/DD'));
Insert into MAC.NOTICE (NOTICENO,NOTICETITLE,NOTICECONTENT,NOTICEFILE,NOTICEREADCOUNT,NOTICEDATE) values (27,'04월 상영 예정작입니다','04월 상영 예정작입니다',null,0,to_date('19/04/25','RR/MM/DD'));
Insert into MAC.NOTICE (NOTICENO,NOTICETITLE,NOTICECONTENT,NOTICEFILE,NOTICEREADCOUNT,NOTICEDATE) values (28,'03월 상영 예정작입니다','03월 상영 예정작입니다','noimg.jpg',0,to_date('19/04/25','RR/MM/DD'));
Insert into MAC.NOTICE (NOTICENO,NOTICETITLE,NOTICECONTENT,NOTICEFILE,NOTICEREADCOUNT,NOTICEDATE) values (29,'02월 상영 예정작입니다','02월 상영 예정작입니다',null,0,to_date('19/04/25','RR/MM/DD'));
Insert into MAC.NOTICE (NOTICENO,NOTICETITLE,NOTICECONTENT,NOTICEFILE,NOTICEREADCOUNT,NOTICEDATE) values (30,'01월 상영 예정작입니다','01월 상영 예정작입니다','noimg.jpg',0,to_date('19/04/25','RR/MM/DD'));
Insert into MAC.NOTICE (NOTICENO,NOTICETITLE,NOTICECONTENT,NOTICEFILE,NOTICEREADCOUNT,NOTICEDATE) values (31,'주자장 사용시간 변경을 알려드립니다.','주자장 사용시간이 이렇게 변경 되었음을 알려드립니다!','noimg.jpg',0,to_date('19/04/25','RR/MM/DD'));
Insert into MAC.NOTICE (NOTICENO,NOTICETITLE,NOTICECONTENT,NOTICEFILE,NOTICEREADCOUNT,NOTICEDATE) values (32,'영화관 이용에 불편을 드려 죄송합니다.','영화관 이용에 불편을 드려 죄송합니다',null,0,to_date('19/04/25','RR/MM/DD'));
Insert into MAC.NOTICE (NOTICENO,NOTICETITLE,NOTICECONTENT,NOTICEFILE,NOTICEREADCOUNT,NOTICEDATE) values (33,'영화 상영시간 변경을 알려드립니다.','최범석','noimg.jpg',0,to_date('19/04/25','RR/MM/DD'));
Insert into MAC.NOTICE (NOTICENO,NOTICETITLE,NOTICECONTENT,NOTICEFILE,NOTICEREADCOUNT,NOTICEDATE) values (34,'12월 상영 예정작입니다','12월 상영 예정작입니다',null,0,to_date('19/04/25','RR/MM/DD'));
Insert into MAC.NOTICE (NOTICENO,NOTICETITLE,NOTICECONTENT,NOTICEFILE,NOTICEREADCOUNT,NOTICEDATE) values (35,'11월 상영 예정작입니다','11월 상영 예정작입니다','noimg.jpg',0,to_date('19/04/25','RR/MM/DD'));
Insert into MAC.NOTICE (NOTICENO,NOTICETITLE,NOTICECONTENT,NOTICEFILE,NOTICEREADCOUNT,NOTICEDATE) values (36,'10월 상영 예정작입니다','10월 상영 예정작입니다',null,0,to_date('19/04/25','RR/MM/DD'));
Insert into MAC.NOTICE (NOTICENO,NOTICETITLE,NOTICECONTENT,NOTICEFILE,NOTICEREADCOUNT,NOTICEDATE) values (37,'09월 상영 예정작입니다','09월 상영 예정작입니다','noimg.jpg',0,to_date('19/04/25','RR/MM/DD'));
Insert into MAC.NOTICE (NOTICENO,NOTICETITLE,NOTICECONTENT,NOTICEFILE,NOTICEREADCOUNT,NOTICEDATE) values (38,'08월 상영 예정작입니다','08월 상영 예정작입니다',null,0,to_date('19/04/25','RR/MM/DD'));
Insert into MAC.NOTICE (NOTICENO,NOTICETITLE,NOTICECONTENT,NOTICEFILE,NOTICEREADCOUNT,NOTICEDATE) values (39,'07월 상영 예정작입니다','07월 상영 예정작입니다','noimg.jpg',0,to_date('19/04/25','RR/MM/DD'));
Insert into MAC.NOTICE (NOTICENO,NOTICETITLE,NOTICECONTENT,NOTICEFILE,NOTICEREADCOUNT,NOTICEDATE) values (40,'06월 상영 예정작입니다','06월 상영 예정작입니다',null,0,to_date('19/04/25','RR/MM/DD'));
Insert into MAC.NOTICE (NOTICENO,NOTICETITLE,NOTICECONTENT,NOTICEFILE,NOTICEREADCOUNT,NOTICEDATE) values (41,'05월 상영 예정작입니다','05월 상영 예정작입니다','noimg.jpg',0,to_date('19/04/25','RR/MM/DD'));
Insert into MAC.NOTICE (NOTICENO,NOTICETITLE,NOTICECONTENT,NOTICEFILE,NOTICEREADCOUNT,NOTICEDATE) values (42,'04월 상영 예정작입니다','04월 상영 예정작입니다',null,0,to_date('19/04/25','RR/MM/DD'));
Insert into MAC.NOTICE (NOTICENO,NOTICETITLE,NOTICECONTENT,NOTICEFILE,NOTICEREADCOUNT,NOTICEDATE) values (43,'03월 상영 예정작입니다','03월 상영 예정작입니다','noimg.jpg',0,to_date('19/04/25','RR/MM/DD'));
Insert into MAC.NOTICE (NOTICENO,NOTICETITLE,NOTICECONTENT,NOTICEFILE,NOTICEREADCOUNT,NOTICEDATE) values (44,'02월 상영 예정작입니다','02월 상영 예정작입니다',null,0,to_date('19/04/25','RR/MM/DD'));
Insert into MAC.NOTICE (NOTICENO,NOTICETITLE,NOTICECONTENT,NOTICEFILE,NOTICEREADCOUNT,NOTICEDATE) values (45,'01월 상영 예정작입니다','01월 상영 예정작입니다','noimg.jpg',0,to_date('19/04/25','RR/MM/DD'));
REM INSERTING into MAC.PURCHASE
SET DEFINE OFF;
REM INSERTING into MAC.PURCHASEITEM
SET DEFINE OFF;
REM INSERTING into MAC.QNA
SET DEFINE OFF;
Insert into MAC.QNA (QNANO,QNATITLE,QNACONTENT,QNAFILE,QNAHIT,QNADATE,QNAIP,QNANOPW,QNAGROUP,QNASTEP,QNAINDENT,MEMBERID,ADMINID) values (1,'정지회원 해제하려면','정지된 회원을 해제하려면 어떻게 해야하나요','10.jpg',1,to_date('19/04/25','RR/MM/DD'),'192.22.16.12',null,1,0,0,'AAA',null);
Insert into MAC.QNA (QNANO,QNATITLE,QNACONTENT,QNAFILE,QNAHIT,QNADATE,QNAIP,QNANOPW,QNAGROUP,QNASTEP,QNAINDENT,MEMBERID,ADMINID) values (2,'정지회원 해제하려면','가입하신 아이디 본인의 이름과 전화번호를 보내주시면 해제할 수 있습니다','10.jpg',1,to_date('19/04/25','RR/MM/DD'),'192.22.16.12',null,1,1,1,null,'admin');
Insert into MAC.QNA (QNANO,QNATITLE,QNACONTENT,QNAFILE,QNAHIT,QNADATE,QNAIP,QNANOPW,QNAGROUP,QNASTEP,QNAINDENT,MEMBERID,ADMINID) values (3,'주자장 이용시간','주자장 이용시간을 알려주세요','12.jpg',0,to_date('19/04/25','RR/MM/DD'),'192.22.16.12','8282',3,0,0,'BBB',null);
Insert into MAC.QNA (QNANO,QNATITLE,QNACONTENT,QNAFILE,QNAHIT,QNADATE,QNAIP,QNANOPW,QNAGROUP,QNASTEP,QNAINDENT,MEMBERID,ADMINID) values (4,'주자장 이용시간','주자장 이용시간입니다','12.jpg',0,to_date('19/04/25','RR/MM/DD'),'192.22.16.12',null,3,1,1,null,'admin');
Insert into MAC.QNA (QNANO,QNATITLE,QNACONTENT,QNAFILE,QNAHIT,QNADATE,QNAIP,QNANOPW,QNAGROUP,QNASTEP,QNAINDENT,MEMBERID,ADMINID) values (5,'팝콘구매','팝콘은 어디서 사나요','12dk.jpg',0,to_date('19/04/25','RR/MM/DD'),'192.22.16.12',null,5,0,0,'AAA',null);
Insert into MAC.QNA (QNANO,QNATITLE,QNACONTENT,QNAFILE,QNAHIT,QNADATE,QNAIP,QNANOPW,QNAGROUP,QNASTEP,QNAINDENT,MEMBERID,ADMINID) values (6,'팝콘구매','팝콘은 매장이나 사이트 상단 스낵코너에서 구매가 가능합니다','12dk.jpg',0,to_date('19/04/25','RR/MM/DD'),'192.22.16.12',null,5,1,1,null,'admin');
Insert into MAC.QNA (QNANO,QNATITLE,QNACONTENT,QNAFILE,QNAHIT,QNADATE,QNAIP,QNANOPW,QNAGROUP,QNASTEP,QNAINDENT,MEMBERID,ADMINID) values (7,'영화 개봉시기','영화 개봉 시기는 어디서 알수있나요','11.jpg',0,to_date('19/04/25','RR/MM/DD'),'192.22.16.12',null,7,0,0,'AAA',null);
Insert into MAC.QNA (QNANO,QNATITLE,QNACONTENT,QNAFILE,QNAHIT,QNADATE,QNAIP,QNANOPW,QNAGROUP,QNASTEP,QNAINDENT,MEMBERID,ADMINID) values (8,'영화 개봉시기','영화 개봉시기는 공지사항에 보시면 알수있습니다','11.jpg',0,to_date('19/04/25','RR/MM/DD'),'192.22.16.12',null,7,1,1,null,'admin');
Insert into MAC.QNA (QNANO,QNATITLE,QNACONTENT,QNAFILE,QNAHIT,QNADATE,QNAIP,QNANOPW,QNAGROUP,QNASTEP,QNAINDENT,MEMBERID,ADMINID) values (9,'회원등급 올리는 방법','회원등급은 어떻게 올리나요','17.jpg',0,to_date('19/04/25','RR/MM/DD'),'192.22.16.12',null,9,0,0,'AAA',null);
Insert into MAC.QNA (QNANO,QNATITLE,QNACONTENT,QNAFILE,QNAHIT,QNADATE,QNAIP,QNANOPW,QNAGROUP,QNASTEP,QNAINDENT,MEMBERID,ADMINID) values (10,'회원등급 올리는 방법','회원등급은 영화예매로 누적금액 20만원 초과시 올리실수있습니다','17.jpg',0,to_date('19/04/25','RR/MM/DD'),'192.22.16.12',null,9,1,1,null,'admin');
Insert into MAC.QNA (QNANO,QNATITLE,QNACONTENT,QNAFILE,QNAHIT,QNADATE,QNAIP,QNANOPW,QNAGROUP,QNASTEP,QNAINDENT,MEMBERID,ADMINID) values (11,'회원정보수정','회원정보를 수정하려면 어떻게 해야하나요','18.jpg',0,to_date('19/04/25','RR/MM/DD'),'192.22.16.12',null,11,0,0,'AAA',null);
Insert into MAC.QNA (QNANO,QNATITLE,QNACONTENT,QNAFILE,QNAHIT,QNADATE,QNAIP,QNANOPW,QNAGROUP,QNASTEP,QNAINDENT,MEMBERID,ADMINID) values (12,'회원정보수정','회원정보 수정은 MYMAC에 들어가시면 하실수있습니다','18.jpg',0,to_date('19/04/25','RR/MM/DD'),'192.22.16.12',null,11,1,1,null,'admin');
Insert into MAC.QNA (QNANO,QNATITLE,QNACONTENT,QNAFILE,QNAHIT,QNADATE,QNAIP,QNANOPW,QNAGROUP,QNASTEP,QNAINDENT,MEMBERID,ADMINID) values (13,'회원탈퇴','회원탈퇴를 수정하려면 어떻게 해야하나요','2.jpg',0,to_date('19/04/25','RR/MM/DD'),'192.22.16.12',null,13,0,0,'AAA',null);
Insert into MAC.QNA (QNANO,QNATITLE,QNACONTENT,QNAFILE,QNAHIT,QNADATE,QNAIP,QNANOPW,QNAGROUP,QNASTEP,QNAINDENT,MEMBERID,ADMINID) values (14,'회원탈퇴','회원탈퇴는 MYMAC에 들어가시면 하실수있습니다','2.jpg',0,to_date('19/04/25','RR/MM/DD'),'192.22.16.12',null,13,1,1,null,'admin');
Insert into MAC.QNA (QNANO,QNATITLE,QNACONTENT,QNAFILE,QNAHIT,QNADATE,QNAIP,QNANOPW,QNAGROUP,QNASTEP,QNAINDENT,MEMBERID,ADMINID) values (15,'이벤트 정보','이벤트 정보는 어디서 볼수있나요','9.jpg',0,to_date('19/04/25','RR/MM/DD'),'192.22.16.12',null,15,0,0,'AAA',null);
Insert into MAC.QNA (QNANO,QNATITLE,QNACONTENT,QNAFILE,QNAHIT,QNADATE,QNAIP,QNANOPW,QNAGROUP,QNASTEP,QNAINDENT,MEMBERID,ADMINID) values (16,'이벤트 정보','이벤트 정보는 이벤트 게시판에서 확인 가능합니다','9.jpg',0,to_date('19/04/25','RR/MM/DD'),'192.22.16.12',null,15,1,1,null,'admin');
Insert into MAC.QNA (QNANO,QNATITLE,QNACONTENT,QNAFILE,QNAHIT,QNADATE,QNAIP,QNANOPW,QNAGROUP,QNASTEP,QNAINDENT,MEMBERID,ADMINID) values (17,'ID/PW 찾는법','ID/PW는 어떻게 찾나요','jFal.jpg',0,to_date('19/04/25','RR/MM/DD'),'192.22.16.12',null,17,0,0,'AAA',null);
Insert into MAC.QNA (QNANO,QNATITLE,QNACONTENT,QNAFILE,QNAHIT,QNADATE,QNAIP,QNANOPW,QNAGROUP,QNASTEP,QNAINDENT,MEMBERID,ADMINID) values (18,'ID/PW 찾는법','ID/PW는 로그인 화면에서 ID/PW찾기를 통해 찾을 수 있습니다','jFal.jpg',0,to_date('19/04/25','RR/MM/DD'),'192.22.16.12',null,17,1,1,null,'admin');
Insert into MAC.QNA (QNANO,QNATITLE,QNACONTENT,QNAFILE,QNAHIT,QNADATE,QNAIP,QNANOPW,QNAGROUP,QNASTEP,QNAINDENT,MEMBERID,ADMINID) values (19,'영화예매','영화예매는 어디서 하나요','팝콘콤보.jpg',0,to_date('19/04/25','RR/MM/DD'),'192.22.16.12',null,19,0,0,'AAA',null);
Insert into MAC.QNA (QNANO,QNATITLE,QNACONTENT,QNAFILE,QNAHIT,QNADATE,QNAIP,QNANOPW,QNAGROUP,QNASTEP,QNAINDENT,MEMBERID,ADMINID) values (20,'영화예매','영화예매는 페이지 상단에 예매버튼을 통해 가능합니다','10.jpg',0,to_date('19/04/25','RR/MM/DD'),'192.22.16.12',null,19,1,1,null,'admin');
Insert into MAC.QNA (QNANO,QNATITLE,QNACONTENT,QNAFILE,QNAHIT,QNADATE,QNAIP,QNANOPW,QNAGROUP,QNASTEP,QNAINDENT,MEMBERID,ADMINID) values (21,'개인정보 찾는법','ID/PW는 어떻게 찾나요','jFal.jpg',1,to_date('19/04/25','RR/MM/DD'),'192.22.16.12',null,21,0,0,'AAA',null);
Insert into MAC.QNA (QNANO,QNATITLE,QNACONTENT,QNAFILE,QNAHIT,QNADATE,QNAIP,QNANOPW,QNAGROUP,QNASTEP,QNAINDENT,MEMBERID,ADMINID) values (22,'개인정보 찾는법','ID/PW는 로그인 화면에서 ID/PW찾기를 통해 찾을 수 있습니다','jFal.jpg',1,to_date('19/04/25','RR/MM/DD'),'192.22.16.12',null,21,1,1,null,'admin');
REM INSERTING into MAC.SCREEN
SET DEFINE OFF;
Insert into MAC.SCREEN (SCREENNO,SCREENNAME,CINEMANO) values ('Y01','용산1관','YONGSAN');
Insert into MAC.SCREEN (SCREENNO,SCREENNAME,CINEMANO) values ('Y02','용산2관','YONGSAN');
Insert into MAC.SCREEN (SCREENNO,SCREENNAME,CINEMANO) values ('Y03','용산3관','YONGSAN');
Insert into MAC.SCREEN (SCREENNO,SCREENNAME,CINEMANO) values ('Y04','용산4관','YONGSAN');
Insert into MAC.SCREEN (SCREENNO,SCREENNAME,CINEMANO) values ('Y05','용산5관','YONGSAN');
Insert into MAC.SCREEN (SCREENNO,SCREENNAME,CINEMANO) values ('G01','강남1관','GANGNAM');
Insert into MAC.SCREEN (SCREENNO,SCREENNAME,CINEMANO) values ('G02','강남2관','GANGNAM');
Insert into MAC.SCREEN (SCREENNO,SCREENNAME,CINEMANO) values ('G03','강남3관','GANGNAM');
Insert into MAC.SCREEN (SCREENNO,SCREENNAME,CINEMANO) values ('G04','강남4관','GANGNAM');
Insert into MAC.SCREEN (SCREENNO,SCREENNAME,CINEMANO) values ('G05','강남5관','GANGNAM');
Insert into MAC.SCREEN (SCREENNO,SCREENNAME,CINEMANO) values ('M01','미아1관','MIA');
Insert into MAC.SCREEN (SCREENNO,SCREENNAME,CINEMANO) values ('M02','미아2관','MIA');
Insert into MAC.SCREEN (SCREENNO,SCREENNAME,CINEMANO) values ('M03','미아3관','MIA');
Insert into MAC.SCREEN (SCREENNO,SCREENNAME,CINEMANO) values ('M04','미아4관','MIA');
Insert into MAC.SCREEN (SCREENNO,SCREENNAME,CINEMANO) values ('M05','미아5관','MIA');
Insert into MAC.SCREEN (SCREENNO,SCREENNAME,CINEMANO) values ('H01','홍대1관','HONGDAE');
Insert into MAC.SCREEN (SCREENNO,SCREENNAME,CINEMANO) values ('H02','홍대2관','HONGDAE');
Insert into MAC.SCREEN (SCREENNO,SCREENNAME,CINEMANO) values ('H03','홍대3관','HONGDAE');
Insert into MAC.SCREEN (SCREENNO,SCREENNAME,CINEMANO) values ('H04','홍대4관','HONGDAE');
Insert into MAC.SCREEN (SCREENNO,SCREENNAME,CINEMANO) values ('H05','홍대5관','HONGDAE');
Insert into MAC.SCREEN (SCREENNO,SCREENNAME,CINEMANO) values ('D01','동대문1관','DONGDAEMUN');
Insert into MAC.SCREEN (SCREENNO,SCREENNAME,CINEMANO) values ('D02','동대문2관','DONGDAEMUN');
Insert into MAC.SCREEN (SCREENNO,SCREENNAME,CINEMANO) values ('D03','동대문3관','DONGDAEMUN');
Insert into MAC.SCREEN (SCREENNO,SCREENNAME,CINEMANO) values ('D04','동대문4관','DONGDAEMUN');
Insert into MAC.SCREEN (SCREENNO,SCREENNAME,CINEMANO) values ('D05','동대문5관','DONGDAEMUN');
REM INSERTING into MAC.SCREENUP
SET DEFINE OFF;
Insert into MAC.SCREENUP (SCREENUPNO,MOVIENO,SCREENNO,SCREENUPSTARTDATE,SCREENUPENDDATE) values (1,1,'Y01',to_date('19/04/24','RR/MM/DD'),to_date('19/05/31','RR/MM/DD'));
Insert into MAC.SCREENUP (SCREENUPNO,MOVIENO,SCREENNO,SCREENUPSTARTDATE,SCREENUPENDDATE) values (2,2,'Y02',to_date('19/04/24','RR/MM/DD'),to_date('19/04/30','RR/MM/DD'));
Insert into MAC.SCREENUP (SCREENUPNO,MOVIENO,SCREENNO,SCREENUPSTARTDATE,SCREENUPENDDATE) values (3,4,'G01',to_date('19/04/25','RR/MM/DD'),to_date('19/05/02','RR/MM/DD'));
Insert into MAC.SCREENUP (SCREENUPNO,MOVIENO,SCREENNO,SCREENUPSTARTDATE,SCREENUPENDDATE) values (4,9,'Y04',to_date('19/04/25','RR/MM/DD'),to_date('19/05/04','RR/MM/DD'));
Insert into MAC.SCREENUP (SCREENUPNO,MOVIENO,SCREENNO,SCREENUPSTARTDATE,SCREENUPENDDATE) values (5,3,'H01',to_date('19/04/30','RR/MM/DD'),to_date('19/05/17','RR/MM/DD'));
Insert into MAC.SCREENUP (SCREENUPNO,MOVIENO,SCREENNO,SCREENUPSTARTDATE,SCREENUPENDDATE) values (6,6,'G01',to_date('19/05/01','RR/MM/DD'),to_date('19/05/31','RR/MM/DD'));
Insert into MAC.SCREENUP (SCREENUPNO,MOVIENO,SCREENNO,SCREENUPSTARTDATE,SCREENUPENDDATE) values (7,10,'Y03',to_date('19/05/09','RR/MM/DD'),to_date('19/05/31','RR/MM/DD'));
Insert into MAC.SCREENUP (SCREENUPNO,MOVIENO,SCREENNO,SCREENUPSTARTDATE,SCREENUPENDDATE) values (8,10,'Y02',to_date('19/05/09','RR/MM/DD'),to_date('19/05/31','RR/MM/DD'));
Insert into MAC.SCREENUP (SCREENUPNO,MOVIENO,SCREENNO,SCREENUPSTARTDATE,SCREENUPENDDATE) values (9,11,'M01',to_date('19/05/09','RR/MM/DD'),to_date('19/06/07','RR/MM/DD'));
Insert into MAC.SCREENUP (SCREENUPNO,MOVIENO,SCREENNO,SCREENUPSTARTDATE,SCREENUPENDDATE) values (10,7,'D03',to_date('19/05/02','RR/MM/DD'),to_date('19/05/24','RR/MM/DD'));
Insert into MAC.SCREENUP (SCREENUPNO,MOVIENO,SCREENNO,SCREENUPSTARTDATE,SCREENUPENDDATE) values (11,18,'H01',to_date('19/05/31','RR/MM/DD'),to_date('19/06/22','RR/MM/DD'));
Insert into MAC.SCREENUP (SCREENUPNO,MOVIENO,SCREENNO,SCREENUPSTARTDATE,SCREENUPENDDATE) values (12,24,'G01',to_date('19/06/13','RR/MM/DD'),to_date('19/07/31','RR/MM/DD'));
Insert into MAC.SCREENUP (SCREENUPNO,MOVIENO,SCREENNO,SCREENUPSTARTDATE,SCREENUPENDDATE) values (13,39,'Y04',to_date('19/07/17','RR/MM/DD'),to_date('19/08/23','RR/MM/DD'));
Insert into MAC.SCREENUP (SCREENUPNO,MOVIENO,SCREENNO,SCREENUPSTARTDATE,SCREENUPENDDATE) values (14,22,'D03',to_date('19/05/31','RR/MM/DD'),to_date('19/06/28','RR/MM/DD'));
Insert into MAC.SCREENUP (SCREENUPNO,MOVIENO,SCREENNO,SCREENUPSTARTDATE,SCREENUPENDDATE) values (15,13,'G05',to_date('19/05/15','RR/MM/DD'),to_date('19/06/21','RR/MM/DD'));
Insert into MAC.SCREENUP (SCREENUPNO,MOVIENO,SCREENNO,SCREENUPSTARTDATE,SCREENUPENDDATE) values (16,13,'M01',to_date('19/06/01','RR/MM/DD'),to_date('19/06/30','RR/MM/DD'));
Insert into MAC.SCREENUP (SCREENUPNO,MOVIENO,SCREENNO,SCREENUPSTARTDATE,SCREENUPENDDATE) values (17,13,'H03',to_date('19/05/15','RR/MM/DD'),to_date('19/06/07','RR/MM/DD'));
Insert into MAC.SCREENUP (SCREENUPNO,MOVIENO,SCREENNO,SCREENUPSTARTDATE,SCREENUPENDDATE) values (18,13,'M03',to_date('19/05/15','RR/MM/DD'),to_date('19/06/07','RR/MM/DD'));
REM INSERTING into MAC.SEAT
SET DEFINE OFF;
Insert into MAC.SEAT (SEATNO,SEATROW,SEATCOL) values ('A1','A',1);
Insert into MAC.SEAT (SEATNO,SEATROW,SEATCOL) values ('B1','B',1);
Insert into MAC.SEAT (SEATNO,SEATROW,SEATCOL) values ('C1','C',1);
Insert into MAC.SEAT (SEATNO,SEATROW,SEATCOL) values ('D1','D',1);
Insert into MAC.SEAT (SEATNO,SEATROW,SEATCOL) values ('E1','E',1);
Insert into MAC.SEAT (SEATNO,SEATROW,SEATCOL) values ('F1','F',1);
Insert into MAC.SEAT (SEATNO,SEATROW,SEATCOL) values ('G1','G',1);
Insert into MAC.SEAT (SEATNO,SEATROW,SEATCOL) values ('H1','H',1);
Insert into MAC.SEAT (SEATNO,SEATROW,SEATCOL) values ('I1','I',1);
Insert into MAC.SEAT (SEATNO,SEATROW,SEATCOL) values ('J1','J',1);
Insert into MAC.SEAT (SEATNO,SEATROW,SEATCOL) values ('A2','A',2);
Insert into MAC.SEAT (SEATNO,SEATROW,SEATCOL) values ('B2','B',2);
Insert into MAC.SEAT (SEATNO,SEATROW,SEATCOL) values ('C2','C',2);
Insert into MAC.SEAT (SEATNO,SEATROW,SEATCOL) values ('D2','D',2);
Insert into MAC.SEAT (SEATNO,SEATROW,SEATCOL) values ('E2','E',2);
Insert into MAC.SEAT (SEATNO,SEATROW,SEATCOL) values ('F2','F',2);
Insert into MAC.SEAT (SEATNO,SEATROW,SEATCOL) values ('G2','G',2);
Insert into MAC.SEAT (SEATNO,SEATROW,SEATCOL) values ('H2','H',2);
Insert into MAC.SEAT (SEATNO,SEATROW,SEATCOL) values ('I2','I',2);
Insert into MAC.SEAT (SEATNO,SEATROW,SEATCOL) values ('J2','J',2);
Insert into MAC.SEAT (SEATNO,SEATROW,SEATCOL) values ('A3','A',3);
Insert into MAC.SEAT (SEATNO,SEATROW,SEATCOL) values ('B3','B',3);
Insert into MAC.SEAT (SEATNO,SEATROW,SEATCOL) values ('C3','C',3);
Insert into MAC.SEAT (SEATNO,SEATROW,SEATCOL) values ('D3','D',3);
Insert into MAC.SEAT (SEATNO,SEATROW,SEATCOL) values ('E3','E',3);
Insert into MAC.SEAT (SEATNO,SEATROW,SEATCOL) values ('F3','F',3);
Insert into MAC.SEAT (SEATNO,SEATROW,SEATCOL) values ('G3','G',3);
Insert into MAC.SEAT (SEATNO,SEATROW,SEATCOL) values ('H3','H',3);
Insert into MAC.SEAT (SEATNO,SEATROW,SEATCOL) values ('I3','I',3);
Insert into MAC.SEAT (SEATNO,SEATROW,SEATCOL) values ('J3','J',3);
Insert into MAC.SEAT (SEATNO,SEATROW,SEATCOL) values ('A4','A',4);
Insert into MAC.SEAT (SEATNO,SEATROW,SEATCOL) values ('B4','B',4);
Insert into MAC.SEAT (SEATNO,SEATROW,SEATCOL) values ('C4','C',4);
Insert into MAC.SEAT (SEATNO,SEATROW,SEATCOL) values ('D4','D',4);
Insert into MAC.SEAT (SEATNO,SEATROW,SEATCOL) values ('E4','E',4);
Insert into MAC.SEAT (SEATNO,SEATROW,SEATCOL) values ('F4','F',4);
Insert into MAC.SEAT (SEATNO,SEATROW,SEATCOL) values ('G4','G',4);
Insert into MAC.SEAT (SEATNO,SEATROW,SEATCOL) values ('H4','H',4);
Insert into MAC.SEAT (SEATNO,SEATROW,SEATCOL) values ('I4','I',4);
Insert into MAC.SEAT (SEATNO,SEATROW,SEATCOL) values ('J4','J',4);
Insert into MAC.SEAT (SEATNO,SEATROW,SEATCOL) values ('A5','A',5);
Insert into MAC.SEAT (SEATNO,SEATROW,SEATCOL) values ('B5','B',5);
Insert into MAC.SEAT (SEATNO,SEATROW,SEATCOL) values ('C5','C',5);
Insert into MAC.SEAT (SEATNO,SEATROW,SEATCOL) values ('D5','D',5);
Insert into MAC.SEAT (SEATNO,SEATROW,SEATCOL) values ('E5','E',5);
Insert into MAC.SEAT (SEATNO,SEATROW,SEATCOL) values ('F5','F',5);
Insert into MAC.SEAT (SEATNO,SEATROW,SEATCOL) values ('G5','G',5);
Insert into MAC.SEAT (SEATNO,SEATROW,SEATCOL) values ('H5','H',5);
Insert into MAC.SEAT (SEATNO,SEATROW,SEATCOL) values ('I5','I',5);
Insert into MAC.SEAT (SEATNO,SEATROW,SEATCOL) values ('J5','J',5);
Insert into MAC.SEAT (SEATNO,SEATROW,SEATCOL) values ('A6','A',6);
Insert into MAC.SEAT (SEATNO,SEATROW,SEATCOL) values ('B6','B',6);
Insert into MAC.SEAT (SEATNO,SEATROW,SEATCOL) values ('C6','C',6);
Insert into MAC.SEAT (SEATNO,SEATROW,SEATCOL) values ('D6','D',6);
Insert into MAC.SEAT (SEATNO,SEATROW,SEATCOL) values ('E6','E',6);
Insert into MAC.SEAT (SEATNO,SEATROW,SEATCOL) values ('F6','F',6);
Insert into MAC.SEAT (SEATNO,SEATROW,SEATCOL) values ('G6','G',6);
Insert into MAC.SEAT (SEATNO,SEATROW,SEATCOL) values ('H6','H',6);
Insert into MAC.SEAT (SEATNO,SEATROW,SEATCOL) values ('I6','I',6);
Insert into MAC.SEAT (SEATNO,SEATROW,SEATCOL) values ('J6','J',6);
Insert into MAC.SEAT (SEATNO,SEATROW,SEATCOL) values ('A7','A',7);
Insert into MAC.SEAT (SEATNO,SEATROW,SEATCOL) values ('B7','B',7);
Insert into MAC.SEAT (SEATNO,SEATROW,SEATCOL) values ('C7','C',7);
Insert into MAC.SEAT (SEATNO,SEATROW,SEATCOL) values ('D7','D',7);
Insert into MAC.SEAT (SEATNO,SEATROW,SEATCOL) values ('E7','E',7);
Insert into MAC.SEAT (SEATNO,SEATROW,SEATCOL) values ('F7','F',7);
Insert into MAC.SEAT (SEATNO,SEATROW,SEATCOL) values ('G7','G',7);
Insert into MAC.SEAT (SEATNO,SEATROW,SEATCOL) values ('H7','H',7);
Insert into MAC.SEAT (SEATNO,SEATROW,SEATCOL) values ('I7','I',7);
Insert into MAC.SEAT (SEATNO,SEATROW,SEATCOL) values ('J7','J',7);
Insert into MAC.SEAT (SEATNO,SEATROW,SEATCOL) values ('A8','A',8);
Insert into MAC.SEAT (SEATNO,SEATROW,SEATCOL) values ('B8','B',8);
Insert into MAC.SEAT (SEATNO,SEATROW,SEATCOL) values ('C8','C',8);
Insert into MAC.SEAT (SEATNO,SEATROW,SEATCOL) values ('D8','D',8);
Insert into MAC.SEAT (SEATNO,SEATROW,SEATCOL) values ('E8','E',8);
Insert into MAC.SEAT (SEATNO,SEATROW,SEATCOL) values ('F8','F',8);
Insert into MAC.SEAT (SEATNO,SEATROW,SEATCOL) values ('G8','G',8);
Insert into MAC.SEAT (SEATNO,SEATROW,SEATCOL) values ('H8','H',8);
Insert into MAC.SEAT (SEATNO,SEATROW,SEATCOL) values ('I8','I',8);
Insert into MAC.SEAT (SEATNO,SEATROW,SEATCOL) values ('J8','J',8);
Insert into MAC.SEAT (SEATNO,SEATROW,SEATCOL) values ('A9','A',9);
Insert into MAC.SEAT (SEATNO,SEATROW,SEATCOL) values ('B9','B',9);
Insert into MAC.SEAT (SEATNO,SEATROW,SEATCOL) values ('C9','C',9);
Insert into MAC.SEAT (SEATNO,SEATROW,SEATCOL) values ('D9','D',9);
Insert into MAC.SEAT (SEATNO,SEATROW,SEATCOL) values ('E9','E',9);
Insert into MAC.SEAT (SEATNO,SEATROW,SEATCOL) values ('F9','F',9);
Insert into MAC.SEAT (SEATNO,SEATROW,SEATCOL) values ('G9','G',9);
Insert into MAC.SEAT (SEATNO,SEATROW,SEATCOL) values ('H9','H',9);
Insert into MAC.SEAT (SEATNO,SEATROW,SEATCOL) values ('I9','I',9);
Insert into MAC.SEAT (SEATNO,SEATROW,SEATCOL) values ('J9','J',9);
Insert into MAC.SEAT (SEATNO,SEATROW,SEATCOL) values ('A10','A',10);
Insert into MAC.SEAT (SEATNO,SEATROW,SEATCOL) values ('B10','B',10);
Insert into MAC.SEAT (SEATNO,SEATROW,SEATCOL) values ('C10','C',10);
Insert into MAC.SEAT (SEATNO,SEATROW,SEATCOL) values ('D10','D',10);
Insert into MAC.SEAT (SEATNO,SEATROW,SEATCOL) values ('E10','E',10);
Insert into MAC.SEAT (SEATNO,SEATROW,SEATCOL) values ('F10','F',10);
Insert into MAC.SEAT (SEATNO,SEATROW,SEATCOL) values ('G10','G',10);
Insert into MAC.SEAT (SEATNO,SEATROW,SEATCOL) values ('H10','H',10);
Insert into MAC.SEAT (SEATNO,SEATROW,SEATCOL) values ('I10','I',10);
Insert into MAC.SEAT (SEATNO,SEATROW,SEATCOL) values ('J10','J',10);
REM INSERTING into MAC.SEATSTATE
SET DEFINE OFF;
Insert into MAC.SEATSTATE (SEATSTATENO,SEATNO,TIMENO,SCREENNO,SEATSTATEDATE) values (1,'J5','17','M03',to_date('19/05/17','RR/MM/DD'));
Insert into MAC.SEATSTATE (SEATSTATENO,SEATNO,TIMENO,SCREENNO,SEATSTATEDATE) values (2,'J6','17','M03',to_date('19/05/17','RR/MM/DD'));
Insert into MAC.SEATSTATE (SEATSTATENO,SEATNO,TIMENO,SCREENNO,SEATSTATEDATE) values (3,'J7','17','M03',to_date('19/05/17','RR/MM/DD'));
Insert into MAC.SEATSTATE (SEATSTATENO,SEATNO,TIMENO,SCREENNO,SEATSTATEDATE) values (4,'J8','17','M03',to_date('19/05/17','RR/MM/DD'));
REM INSERTING into MAC.TIME
SET DEFINE OFF;
Insert into MAC.TIME (TIMENO,TIMESET) values ('8','08:00');
Insert into MAC.TIME (TIMENO,TIMESET) values ('11','11:00');
Insert into MAC.TIME (TIMENO,TIMESET) values ('14','14:00');
Insert into MAC.TIME (TIMENO,TIMESET) values ('17','17:00');
Insert into MAC.TIME (TIMENO,TIMESET) values ('20','20:00');
Insert into MAC.TIME (TIMENO,TIMESET) values ('23','23:00');
--------------------------------------------------------
--  DDL for Index SYS_C008376
--------------------------------------------------------

  CREATE UNIQUE INDEX "MAC"."SYS_C008376" ON "MAC"."ADMIN" ("ADMINID") 
  PCTFREE 10 INITRANS 2 MAXTRANS 255 COMPUTE STATISTICS 
  STORAGE(INITIAL 65536 NEXT 1048576 MINEXTENTS 1 MAXEXTENTS 2147483645
  PCTINCREASE 0 FREELISTS 1 FREELIST GROUPS 1 BUFFER_POOL DEFAULT FLASH_CACHE DEFAULT CELL_FLASH_CACHE DEFAULT)
  TABLESPACE "SYSTEM" ;
--------------------------------------------------------
--  DDL for Index SYS_C008480
--------------------------------------------------------

  CREATE UNIQUE INDEX "MAC"."SYS_C008480" ON "MAC"."BOOKING" ("BOOKINGNO") 
  PCTFREE 10 INITRANS 2 MAXTRANS 255 COMPUTE STATISTICS 
  STORAGE(INITIAL 65536 NEXT 1048576 MINEXTENTS 1 MAXEXTENTS 2147483645
  PCTINCREASE 0 FREELISTS 1 FREELIST GROUPS 1 BUFFER_POOL DEFAULT FLASH_CACHE DEFAULT CELL_FLASH_CACHE DEFAULT)
  TABLESPACE "SYSTEM" ;
--------------------------------------------------------
--  DDL for Index SYS_C008484
--------------------------------------------------------

  CREATE UNIQUE INDEX "MAC"."SYS_C008484" ON "MAC"."BOOKINGSEAT" ("BOOKINGSEATNO") 
  PCTFREE 10 INITRANS 2 MAXTRANS 255 COMPUTE STATISTICS 
  STORAGE(INITIAL 65536 NEXT 1048576 MINEXTENTS 1 MAXEXTENTS 2147483645
  PCTINCREASE 0 FREELISTS 1 FREELIST GROUPS 1 BUFFER_POOL DEFAULT FLASH_CACHE DEFAULT CELL_FLASH_CACHE DEFAULT)
  TABLESPACE "SYSTEM" ;
--------------------------------------------------------
--  DDL for Index SYS_C008410
--------------------------------------------------------

  CREATE UNIQUE INDEX "MAC"."SYS_C008410" ON "MAC"."CINEMA" ("CINEMANO") 
  PCTFREE 10 INITRANS 2 MAXTRANS 255 COMPUTE STATISTICS 
  STORAGE(INITIAL 65536 NEXT 1048576 MINEXTENTS 1 MAXEXTENTS 2147483645
  PCTINCREASE 0 FREELISTS 1 FREELIST GROUPS 1 BUFFER_POOL DEFAULT FLASH_CACHE DEFAULT CELL_FLASH_CACHE DEFAULT)
  TABLESPACE "SYSTEM" ;
--------------------------------------------------------
--  DDL for Index SYS_C008441
--------------------------------------------------------

  CREATE UNIQUE INDEX "MAC"."SYS_C008441" ON "MAC"."EVENT" ("EVENTNO") 
  PCTFREE 10 INITRANS 2 MAXTRANS 255 COMPUTE STATISTICS 
  STORAGE(INITIAL 65536 NEXT 1048576 MINEXTENTS 1 MAXEXTENTS 2147483645
  PCTINCREASE 0 FREELISTS 1 FREELIST GROUPS 1 BUFFER_POOL DEFAULT FLASH_CACHE DEFAULT CELL_FLASH_CACHE DEFAULT)
  TABLESPACE "SYSTEM" ;
--------------------------------------------------------
--  DDL for Index SYS_C008445
--------------------------------------------------------

  CREATE UNIQUE INDEX "MAC"."SYS_C008445" ON "MAC"."ITEM" ("ITEMNO") 
  PCTFREE 10 INITRANS 2 MAXTRANS 255 COMPUTE STATISTICS 
  STORAGE(INITIAL 65536 NEXT 1048576 MINEXTENTS 1 MAXEXTENTS 2147483645
  PCTINCREASE 0 FREELISTS 1 FREELIST GROUPS 1 BUFFER_POOL DEFAULT FLASH_CACHE DEFAULT CELL_FLASH_CACHE DEFAULT)
  TABLESPACE "SYSTEM" ;
--------------------------------------------------------
--  DDL for Index SYS_C008471
--------------------------------------------------------

  CREATE UNIQUE INDEX "MAC"."SYS_C008471" ON "MAC"."MEMBER" ("MEMBERID") 
  PCTFREE 10 INITRANS 2 MAXTRANS 255 COMPUTE STATISTICS 
  STORAGE(INITIAL 65536 NEXT 1048576 MINEXTENTS 1 MAXEXTENTS 2147483645
  PCTINCREASE 0 FREELISTS 1 FREELIST GROUPS 1 BUFFER_POOL DEFAULT FLASH_CACHE DEFAULT CELL_FLASH_CACHE DEFAULT)
  TABLESPACE "SYSTEM" ;
--------------------------------------------------------
--  DDL for Index SYS_C008378
--------------------------------------------------------

  CREATE UNIQUE INDEX "MAC"."SYS_C008378" ON "MAC"."MEMBERGRADE" ("MEMBERGRADENO") 
  PCTFREE 10 INITRANS 2 MAXTRANS 255 COMPUTE STATISTICS 
  STORAGE(INITIAL 65536 NEXT 1048576 MINEXTENTS 1 MAXEXTENTS 2147483645
  PCTINCREASE 0 FREELISTS 1 FREELIST GROUPS 1 BUFFER_POOL DEFAULT FLASH_CACHE DEFAULT CELL_FLASH_CACHE DEFAULT)
  TABLESPACE "SYSTEM" ;
--------------------------------------------------------
--  DDL for Index SYS_C008404
--------------------------------------------------------

  CREATE UNIQUE INDEX "MAC"."SYS_C008404" ON "MAC"."MOVIE" ("MOVIENO") 
  PCTFREE 10 INITRANS 2 MAXTRANS 255 COMPUTE STATISTICS 
  STORAGE(INITIAL 65536 NEXT 1048576 MINEXTENTS 1 MAXEXTENTS 2147483645
  PCTINCREASE 0 FREELISTS 1 FREELIST GROUPS 1 BUFFER_POOL DEFAULT FLASH_CACHE DEFAULT CELL_FLASH_CACHE DEFAULT)
  TABLESPACE "SYSTEM" ;
--------------------------------------------------------
--  DDL for Index SYS_C008474
--------------------------------------------------------

  CREATE UNIQUE INDEX "MAC"."SYS_C008474" ON "MAC"."MOVIERATING" ("MOVIERATINGNO") 
  PCTFREE 10 INITRANS 2 MAXTRANS 255 COMPUTE STATISTICS 
  STORAGE(INITIAL 65536 NEXT 1048576 MINEXTENTS 1 MAXEXTENTS 2147483645
  PCTINCREASE 0 FREELISTS 1 FREELIST GROUPS 1 BUFFER_POOL DEFAULT FLASH_CACHE DEFAULT CELL_FLASH_CACHE DEFAULT)
  TABLESPACE "SYSTEM" ;
--------------------------------------------------------
--  DDL for Index SYS_C008393
--------------------------------------------------------

  CREATE UNIQUE INDEX "MAC"."SYS_C008393" ON "MAC"."NOTICE" ("NOTICENO") 
  PCTFREE 10 INITRANS 2 MAXTRANS 255 COMPUTE STATISTICS 
  STORAGE(INITIAL 65536 NEXT 1048576 MINEXTENTS 1 MAXEXTENTS 2147483645
  PCTINCREASE 0 FREELISTS 1 FREELIST GROUPS 1 BUFFER_POOL DEFAULT FLASH_CACHE DEFAULT CELL_FLASH_CACHE DEFAULT)
  TABLESPACE "SYSTEM" ;
--------------------------------------------------------
--  DDL for Index SYS_C008489
--------------------------------------------------------

  CREATE UNIQUE INDEX "MAC"."SYS_C008489" ON "MAC"."PURCHASE" ("PURCHASENO") 
  PCTFREE 10 INITRANS 2 MAXTRANS 255 COMPUTE STATISTICS 
  STORAGE(INITIAL 65536 NEXT 1048576 MINEXTENTS 1 MAXEXTENTS 2147483645
  PCTINCREASE 0 FREELISTS 1 FREELIST GROUPS 1 BUFFER_POOL DEFAULT FLASH_CACHE DEFAULT CELL_FLASH_CACHE DEFAULT)
  TABLESPACE "SYSTEM" ;
--------------------------------------------------------
--  DDL for Index SYS_C008502
--------------------------------------------------------

  CREATE UNIQUE INDEX "MAC"."SYS_C008502" ON "MAC"."PURCHASEITEM" ("PURCHASEITEMNO") 
  PCTFREE 10 INITRANS 2 MAXTRANS 255 COMPUTE STATISTICS 
  STORAGE(INITIAL 65536 NEXT 1048576 MINEXTENTS 1 MAXEXTENTS 2147483645
  PCTINCREASE 0 FREELISTS 1 FREELIST GROUPS 1 BUFFER_POOL DEFAULT FLASH_CACHE DEFAULT CELL_FLASH_CACHE DEFAULT)
  TABLESPACE "SYSTEM" ;
--------------------------------------------------------
--  DDL for Index SYS_C007304
--------------------------------------------------------

  CREATE UNIQUE INDEX "MAC"."SYS_C007304" ON "MAC"."QNA" ("QNANO") 
  PCTFREE 10 INITRANS 2 MAXTRANS 255 
  STORAGE(INITIAL 65536 NEXT 1048576 MINEXTENTS 1 MAXEXTENTS 2147483645
  PCTINCREASE 0 FREELISTS 1 FREELIST GROUPS 1 BUFFER_POOL DEFAULT FLASH_CACHE DEFAULT CELL_FLASH_CACHE DEFAULT)
  TABLESPACE "SYSTEM" ;
--------------------------------------------------------
--  DDL for Index SYS_C008412
--------------------------------------------------------

  CREATE UNIQUE INDEX "MAC"."SYS_C008412" ON "MAC"."SCREEN" ("SCREENNO") 
  PCTFREE 10 INITRANS 2 MAXTRANS 255 COMPUTE STATISTICS 
  STORAGE(INITIAL 65536 NEXT 1048576 MINEXTENTS 1 MAXEXTENTS 2147483645
  PCTINCREASE 0 FREELISTS 1 FREELIST GROUPS 1 BUFFER_POOL DEFAULT FLASH_CACHE DEFAULT CELL_FLASH_CACHE DEFAULT)
  TABLESPACE "SYSTEM" ;
--------------------------------------------------------
--  DDL for Index SYS_C008416
--------------------------------------------------------

  CREATE UNIQUE INDEX "MAC"."SYS_C008416" ON "MAC"."SCREENUP" ("SCREENUPNO") 
  PCTFREE 10 INITRANS 2 MAXTRANS 255 COMPUTE STATISTICS 
  STORAGE(INITIAL 65536 NEXT 1048576 MINEXTENTS 1 MAXEXTENTS 2147483645
  PCTINCREASE 0 FREELISTS 1 FREELIST GROUPS 1 BUFFER_POOL DEFAULT FLASH_CACHE DEFAULT CELL_FLASH_CACHE DEFAULT)
  TABLESPACE "SYSTEM" ;
--------------------------------------------------------
--  DDL for Index SYS_C008423
--------------------------------------------------------

  CREATE UNIQUE INDEX "MAC"."SYS_C008423" ON "MAC"."SEAT" ("SEATNO") 
  PCTFREE 10 INITRANS 2 MAXTRANS 255 COMPUTE STATISTICS 
  STORAGE(INITIAL 65536 NEXT 1048576 MINEXTENTS 1 MAXEXTENTS 2147483645
  PCTINCREASE 0 FREELISTS 1 FREELIST GROUPS 1 BUFFER_POOL DEFAULT FLASH_CACHE DEFAULT CELL_FLASH_CACHE DEFAULT)
  TABLESPACE "SYSTEM" ;
--------------------------------------------------------
--  DDL for Index SYS_C008425
--------------------------------------------------------

  CREATE UNIQUE INDEX "MAC"."SYS_C008425" ON "MAC"."SEATSTATE" ("SEATSTATENO") 
  PCTFREE 10 INITRANS 2 MAXTRANS 255 COMPUTE STATISTICS 
  STORAGE(INITIAL 65536 NEXT 1048576 MINEXTENTS 1 MAXEXTENTS 2147483645
  PCTINCREASE 0 FREELISTS 1 FREELIST GROUPS 1 BUFFER_POOL DEFAULT FLASH_CACHE DEFAULT CELL_FLASH_CACHE DEFAULT)
  TABLESPACE "SYSTEM" ;
--------------------------------------------------------
--  DDL for Index SYS_C008420
--------------------------------------------------------

  CREATE UNIQUE INDEX "MAC"."SYS_C008420" ON "MAC"."TIME" ("TIMENO") 
  PCTFREE 10 INITRANS 2 MAXTRANS 255 COMPUTE STATISTICS 
  STORAGE(INITIAL 65536 NEXT 1048576 MINEXTENTS 1 MAXEXTENTS 2147483645
  PCTINCREASE 0 FREELISTS 1 FREELIST GROUPS 1 BUFFER_POOL DEFAULT FLASH_CACHE DEFAULT CELL_FLASH_CACHE DEFAULT)
  TABLESPACE "SYSTEM" ;
--------------------------------------------------------
--  Constraints for Table ADMIN
--------------------------------------------------------

  ALTER TABLE "MAC"."ADMIN" MODIFY ("ADMINPW" NOT NULL ENABLE);
  ALTER TABLE "MAC"."ADMIN" ADD PRIMARY KEY ("ADMINID")
  USING INDEX PCTFREE 10 INITRANS 2 MAXTRANS 255 COMPUTE STATISTICS 
  STORAGE(INITIAL 65536 NEXT 1048576 MINEXTENTS 1 MAXEXTENTS 2147483645
  PCTINCREASE 0 FREELISTS 1 FREELIST GROUPS 1 BUFFER_POOL DEFAULT FLASH_CACHE DEFAULT CELL_FLASH_CACHE DEFAULT)
  TABLESPACE "SYSTEM"  ENABLE;
--------------------------------------------------------
--  Constraints for Table BOOKING
--------------------------------------------------------

  ALTER TABLE "MAC"."BOOKING" MODIFY ("BOOKINGDATE" NOT NULL ENABLE);
  ALTER TABLE "MAC"."BOOKING" MODIFY ("BOOKINGCOUNT" NOT NULL ENABLE);
  ALTER TABLE "MAC"."BOOKING" MODIFY ("BOOKINGPRICE" NOT NULL ENABLE);
  ALTER TABLE "MAC"."BOOKING" ADD PRIMARY KEY ("BOOKINGNO")
  USING INDEX PCTFREE 10 INITRANS 2 MAXTRANS 255 COMPUTE STATISTICS 
  STORAGE(INITIAL 65536 NEXT 1048576 MINEXTENTS 1 MAXEXTENTS 2147483645
  PCTINCREASE 0 FREELISTS 1 FREELIST GROUPS 1 BUFFER_POOL DEFAULT FLASH_CACHE DEFAULT CELL_FLASH_CACHE DEFAULT)
  TABLESPACE "SYSTEM"  ENABLE;
--------------------------------------------------------
--  Constraints for Table BOOKINGSEAT
--------------------------------------------------------

  ALTER TABLE "MAC"."BOOKINGSEAT" ADD PRIMARY KEY ("BOOKINGSEATNO")
  USING INDEX PCTFREE 10 INITRANS 2 MAXTRANS 255 COMPUTE STATISTICS 
  STORAGE(INITIAL 65536 NEXT 1048576 MINEXTENTS 1 MAXEXTENTS 2147483645
  PCTINCREASE 0 FREELISTS 1 FREELIST GROUPS 1 BUFFER_POOL DEFAULT FLASH_CACHE DEFAULT CELL_FLASH_CACHE DEFAULT)
  TABLESPACE "SYSTEM"  ENABLE;
--------------------------------------------------------
--  Constraints for Table CINEMA
--------------------------------------------------------

  ALTER TABLE "MAC"."CINEMA" MODIFY ("CINEMANAME" NOT NULL ENABLE);
  ALTER TABLE "MAC"."CINEMA" ADD PRIMARY KEY ("CINEMANO")
  USING INDEX PCTFREE 10 INITRANS 2 MAXTRANS 255 COMPUTE STATISTICS 
  STORAGE(INITIAL 65536 NEXT 1048576 MINEXTENTS 1 MAXEXTENTS 2147483645
  PCTINCREASE 0 FREELISTS 1 FREELIST GROUPS 1 BUFFER_POOL DEFAULT FLASH_CACHE DEFAULT CELL_FLASH_CACHE DEFAULT)
  TABLESPACE "SYSTEM"  ENABLE;
--------------------------------------------------------
--  Constraints for Table EVENT
--------------------------------------------------------

  ALTER TABLE "MAC"."EVENT" MODIFY ("EVENTTITLE" NOT NULL ENABLE);
  ALTER TABLE "MAC"."EVENT" MODIFY ("EVENTFILE" NOT NULL ENABLE);
  ALTER TABLE "MAC"."EVENT" ADD PRIMARY KEY ("EVENTNO")
  USING INDEX PCTFREE 10 INITRANS 2 MAXTRANS 255 COMPUTE STATISTICS 
  STORAGE(INITIAL 65536 NEXT 1048576 MINEXTENTS 1 MAXEXTENTS 2147483645
  PCTINCREASE 0 FREELISTS 1 FREELIST GROUPS 1 BUFFER_POOL DEFAULT FLASH_CACHE DEFAULT CELL_FLASH_CACHE DEFAULT)
  TABLESPACE "SYSTEM"  ENABLE;
--------------------------------------------------------
--  Constraints for Table ITEM
--------------------------------------------------------

  ALTER TABLE "MAC"."ITEM" MODIFY ("ITEMNAME" NOT NULL ENABLE);
  ALTER TABLE "MAC"."ITEM" MODIFY ("ITEMIMAGE" NOT NULL ENABLE);
  ALTER TABLE "MAC"."ITEM" MODIFY ("ITEMPRICE" NOT NULL ENABLE);
  ALTER TABLE "MAC"."ITEM" ADD PRIMARY KEY ("ITEMNO")
  USING INDEX PCTFREE 10 INITRANS 2 MAXTRANS 255 COMPUTE STATISTICS 
  STORAGE(INITIAL 65536 NEXT 1048576 MINEXTENTS 1 MAXEXTENTS 2147483645
  PCTINCREASE 0 FREELISTS 1 FREELIST GROUPS 1 BUFFER_POOL DEFAULT FLASH_CACHE DEFAULT CELL_FLASH_CACHE DEFAULT)
  TABLESPACE "SYSTEM"  ENABLE;
--------------------------------------------------------
--  Constraints for Table MEMBER
--------------------------------------------------------

  ALTER TABLE "MAC"."MEMBER" MODIFY ("MEMBERPW" NOT NULL ENABLE);
  ALTER TABLE "MAC"."MEMBER" MODIFY ("MEMBERNAME" NOT NULL ENABLE);
  ALTER TABLE "MAC"."MEMBER" MODIFY ("MEMBERBIRTH" NOT NULL ENABLE);
  ALTER TABLE "MAC"."MEMBER" MODIFY ("MEMBERPHONE" NOT NULL ENABLE);
  ALTER TABLE "MAC"."MEMBER" MODIFY ("MEMBEREMAIL" NOT NULL ENABLE);
  ALTER TABLE "MAC"."MEMBER" MODIFY ("MEMBERADDRESS" NOT NULL ENABLE);
  ALTER TABLE "MAC"."MEMBER" MODIFY ("MEMBERPOST" NOT NULL ENABLE);
  ALTER TABLE "MAC"."MEMBER" MODIFY ("MEMBERPOINT" NOT NULL ENABLE);
  ALTER TABLE "MAC"."MEMBER" MODIFY ("MEMBERAMOUNT" NOT NULL ENABLE);
  ALTER TABLE "MAC"."MEMBER" MODIFY ("MEMBERSTATE" NOT NULL ENABLE);
  ALTER TABLE "MAC"."MEMBER" ADD PRIMARY KEY ("MEMBERID")
  USING INDEX PCTFREE 10 INITRANS 2 MAXTRANS 255 COMPUTE STATISTICS 
  STORAGE(INITIAL 65536 NEXT 1048576 MINEXTENTS 1 MAXEXTENTS 2147483645
  PCTINCREASE 0 FREELISTS 1 FREELIST GROUPS 1 BUFFER_POOL DEFAULT FLASH_CACHE DEFAULT CELL_FLASH_CACHE DEFAULT)
  TABLESPACE "SYSTEM"  ENABLE;
--------------------------------------------------------
--  Constraints for Table MEMBERGRADE
--------------------------------------------------------

  ALTER TABLE "MAC"."MEMBERGRADE" MODIFY ("MEMBERGRADENAME" NOT NULL ENABLE);
  ALTER TABLE "MAC"."MEMBERGRADE" ADD PRIMARY KEY ("MEMBERGRADENO")
  USING INDEX PCTFREE 10 INITRANS 2 MAXTRANS 255 COMPUTE STATISTICS 
  STORAGE(INITIAL 65536 NEXT 1048576 MINEXTENTS 1 MAXEXTENTS 2147483645
  PCTINCREASE 0 FREELISTS 1 FREELIST GROUPS 1 BUFFER_POOL DEFAULT FLASH_CACHE DEFAULT CELL_FLASH_CACHE DEFAULT)
  TABLESPACE "SYSTEM"  ENABLE;
--------------------------------------------------------
--  Constraints for Table MOVIE
--------------------------------------------------------

  ALTER TABLE "MAC"."MOVIE" MODIFY ("MOVIENAME" NOT NULL ENABLE);
  ALTER TABLE "MAC"."MOVIE" MODIFY ("MOVIEDIRECTOR" NOT NULL ENABLE);
  ALTER TABLE "MAC"."MOVIE" MODIFY ("MOVIEACTOR" NOT NULL ENABLE);
  ALTER TABLE "MAC"."MOVIE" MODIFY ("MOVIEGENRE" NOT NULL ENABLE);
  ALTER TABLE "MAC"."MOVIE" MODIFY ("MOVIECOUNTRY" NOT NULL ENABLE);
  ALTER TABLE "MAC"."MOVIE" MODIFY ("MOVIEGRADE" NOT NULL ENABLE);
  ALTER TABLE "MAC"."MOVIE" MODIFY ("MOVIERUNNINGTIME" NOT NULL ENABLE);
  ALTER TABLE "MAC"."MOVIE" MODIFY ("MOVIERELEASE" NOT NULL ENABLE);
  ALTER TABLE "MAC"."MOVIE" MODIFY ("MOVIEIMAGE" NOT NULL ENABLE);
  ALTER TABLE "MAC"."MOVIE" MODIFY ("MOVIETRAILER" NOT NULL ENABLE);
  ALTER TABLE "MAC"."MOVIE" ADD PRIMARY KEY ("MOVIENO")
  USING INDEX PCTFREE 10 INITRANS 2 MAXTRANS 255 COMPUTE STATISTICS 
  STORAGE(INITIAL 65536 NEXT 1048576 MINEXTENTS 1 MAXEXTENTS 2147483645
  PCTINCREASE 0 FREELISTS 1 FREELIST GROUPS 1 BUFFER_POOL DEFAULT FLASH_CACHE DEFAULT CELL_FLASH_CACHE DEFAULT)
  TABLESPACE "SYSTEM"  ENABLE;
--------------------------------------------------------
--  Constraints for Table MOVIERATING
--------------------------------------------------------

  ALTER TABLE "MAC"."MOVIERATING" MODIFY ("MOVIERATINGPOINT" NOT NULL ENABLE);
  ALTER TABLE "MAC"."MOVIERATING" ADD PRIMARY KEY ("MOVIERATINGNO")
  USING INDEX PCTFREE 10 INITRANS 2 MAXTRANS 255 COMPUTE STATISTICS 
  STORAGE(INITIAL 65536 NEXT 1048576 MINEXTENTS 1 MAXEXTENTS 2147483645
  PCTINCREASE 0 FREELISTS 1 FREELIST GROUPS 1 BUFFER_POOL DEFAULT FLASH_CACHE DEFAULT CELL_FLASH_CACHE DEFAULT)
  TABLESPACE "SYSTEM"  ENABLE;
--------------------------------------------------------
--  Constraints for Table NOTICE
--------------------------------------------------------

  ALTER TABLE "MAC"."NOTICE" MODIFY ("NOTICETITLE" NOT NULL ENABLE);
  ALTER TABLE "MAC"."NOTICE" MODIFY ("NOTICEREADCOUNT" NOT NULL ENABLE);
  ALTER TABLE "MAC"."NOTICE" ADD PRIMARY KEY ("NOTICENO")
  USING INDEX PCTFREE 10 INITRANS 2 MAXTRANS 255 COMPUTE STATISTICS 
  STORAGE(INITIAL 65536 NEXT 1048576 MINEXTENTS 1 MAXEXTENTS 2147483645
  PCTINCREASE 0 FREELISTS 1 FREELIST GROUPS 1 BUFFER_POOL DEFAULT FLASH_CACHE DEFAULT CELL_FLASH_CACHE DEFAULT)
  TABLESPACE "SYSTEM"  ENABLE;
--------------------------------------------------------
--  Constraints for Table PURCHASE
--------------------------------------------------------

  ALTER TABLE "MAC"."PURCHASE" MODIFY ("MEMBERID" NOT NULL ENABLE);
  ALTER TABLE "MAC"."PURCHASE" MODIFY ("PURCHASEPRICE" NOT NULL ENABLE);
  ALTER TABLE "MAC"."PURCHASE" ADD PRIMARY KEY ("PURCHASENO")
  USING INDEX PCTFREE 10 INITRANS 2 MAXTRANS 255 COMPUTE STATISTICS 
  STORAGE(INITIAL 65536 NEXT 1048576 MINEXTENTS 1 MAXEXTENTS 2147483645
  PCTINCREASE 0 FREELISTS 1 FREELIST GROUPS 1 BUFFER_POOL DEFAULT FLASH_CACHE DEFAULT CELL_FLASH_CACHE DEFAULT)
  TABLESPACE "SYSTEM"  ENABLE;
--------------------------------------------------------
--  Constraints for Table PURCHASEITEM
--------------------------------------------------------

  ALTER TABLE "MAC"."PURCHASEITEM" ADD PRIMARY KEY ("PURCHASEITEMNO")
  USING INDEX PCTFREE 10 INITRANS 2 MAXTRANS 255 COMPUTE STATISTICS 
  STORAGE(INITIAL 65536 NEXT 1048576 MINEXTENTS 1 MAXEXTENTS 2147483645
  PCTINCREASE 0 FREELISTS 1 FREELIST GROUPS 1 BUFFER_POOL DEFAULT FLASH_CACHE DEFAULT CELL_FLASH_CACHE DEFAULT)
  TABLESPACE "SYSTEM"  ENABLE;
--------------------------------------------------------
--  Constraints for Table QNA
--------------------------------------------------------

  ALTER TABLE "MAC"."QNA" ADD PRIMARY KEY ("QNANO")
  USING INDEX PCTFREE 10 INITRANS 2 MAXTRANS 255 
  STORAGE(INITIAL 65536 NEXT 1048576 MINEXTENTS 1 MAXEXTENTS 2147483645
  PCTINCREASE 0 FREELISTS 1 FREELIST GROUPS 1 BUFFER_POOL DEFAULT FLASH_CACHE DEFAULT CELL_FLASH_CACHE DEFAULT)
  TABLESPACE "SYSTEM"  ENABLE;
  ALTER TABLE "MAC"."QNA" MODIFY ("QNAGROUP" NOT NULL ENABLE);
  ALTER TABLE "MAC"."QNA" MODIFY ("QNADATE" NOT NULL ENABLE);
  ALTER TABLE "MAC"."QNA" MODIFY ("QNACONTENT" NOT NULL ENABLE);
  ALTER TABLE "MAC"."QNA" MODIFY ("QNATITLE" NOT NULL ENABLE);
--------------------------------------------------------
--  Constraints for Table SCREEN
--------------------------------------------------------

  ALTER TABLE "MAC"."SCREEN" MODIFY ("SCREENNAME" NOT NULL ENABLE);
  ALTER TABLE "MAC"."SCREEN" ADD PRIMARY KEY ("SCREENNO")
  USING INDEX PCTFREE 10 INITRANS 2 MAXTRANS 255 COMPUTE STATISTICS 
  STORAGE(INITIAL 65536 NEXT 1048576 MINEXTENTS 1 MAXEXTENTS 2147483645
  PCTINCREASE 0 FREELISTS 1 FREELIST GROUPS 1 BUFFER_POOL DEFAULT FLASH_CACHE DEFAULT CELL_FLASH_CACHE DEFAULT)
  TABLESPACE "SYSTEM"  ENABLE;
--------------------------------------------------------
--  Constraints for Table SCREENUP
--------------------------------------------------------

  ALTER TABLE "MAC"."SCREENUP" MODIFY ("SCREENUPSTARTDATE" NOT NULL ENABLE);
  ALTER TABLE "MAC"."SCREENUP" MODIFY ("SCREENUPENDDATE" NOT NULL ENABLE);
  ALTER TABLE "MAC"."SCREENUP" ADD PRIMARY KEY ("SCREENUPNO")
  USING INDEX PCTFREE 10 INITRANS 2 MAXTRANS 255 COMPUTE STATISTICS 
  STORAGE(INITIAL 65536 NEXT 1048576 MINEXTENTS 1 MAXEXTENTS 2147483645
  PCTINCREASE 0 FREELISTS 1 FREELIST GROUPS 1 BUFFER_POOL DEFAULT FLASH_CACHE DEFAULT CELL_FLASH_CACHE DEFAULT)
  TABLESPACE "SYSTEM"  ENABLE;
--------------------------------------------------------
--  Constraints for Table SEAT
--------------------------------------------------------

  ALTER TABLE "MAC"."SEAT" MODIFY ("SEATROW" NOT NULL ENABLE);
  ALTER TABLE "MAC"."SEAT" MODIFY ("SEATCOL" NOT NULL ENABLE);
  ALTER TABLE "MAC"."SEAT" ADD PRIMARY KEY ("SEATNO")
  USING INDEX PCTFREE 10 INITRANS 2 MAXTRANS 255 COMPUTE STATISTICS 
  STORAGE(INITIAL 65536 NEXT 1048576 MINEXTENTS 1 MAXEXTENTS 2147483645
  PCTINCREASE 0 FREELISTS 1 FREELIST GROUPS 1 BUFFER_POOL DEFAULT FLASH_CACHE DEFAULT CELL_FLASH_CACHE DEFAULT)
  TABLESPACE "SYSTEM"  ENABLE;
--------------------------------------------------------
--  Constraints for Table SEATSTATE
--------------------------------------------------------

  ALTER TABLE "MAC"."SEATSTATE" MODIFY ("SEATSTATEDATE" NOT NULL ENABLE);
  ALTER TABLE "MAC"."SEATSTATE" ADD PRIMARY KEY ("SEATSTATENO")
  USING INDEX PCTFREE 10 INITRANS 2 MAXTRANS 255 COMPUTE STATISTICS 
  STORAGE(INITIAL 65536 NEXT 1048576 MINEXTENTS 1 MAXEXTENTS 2147483645
  PCTINCREASE 0 FREELISTS 1 FREELIST GROUPS 1 BUFFER_POOL DEFAULT FLASH_CACHE DEFAULT CELL_FLASH_CACHE DEFAULT)
  TABLESPACE "SYSTEM"  ENABLE;
--------------------------------------------------------
--  Constraints for Table TIME
--------------------------------------------------------

  ALTER TABLE "MAC"."TIME" MODIFY ("TIMESET" NOT NULL ENABLE);
  ALTER TABLE "MAC"."TIME" ADD PRIMARY KEY ("TIMENO")
  USING INDEX PCTFREE 10 INITRANS 2 MAXTRANS 255 COMPUTE STATISTICS 
  STORAGE(INITIAL 65536 NEXT 1048576 MINEXTENTS 1 MAXEXTENTS 2147483645
  PCTINCREASE 0 FREELISTS 1 FREELIST GROUPS 1 BUFFER_POOL DEFAULT FLASH_CACHE DEFAULT CELL_FLASH_CACHE DEFAULT)
  TABLESPACE "SYSTEM"  ENABLE;
--------------------------------------------------------
--  Ref Constraints for Table BOOKING
--------------------------------------------------------

  ALTER TABLE "MAC"."BOOKING" ADD FOREIGN KEY ("SCREENUPNO")
	  REFERENCES "MAC"."SCREENUP" ("SCREENUPNO") ENABLE;
  ALTER TABLE "MAC"."BOOKING" ADD FOREIGN KEY ("MEMBERID")
	  REFERENCES "MAC"."MEMBER" ("MEMBERID") ENABLE;
  ALTER TABLE "MAC"."BOOKING" ADD FOREIGN KEY ("TIMENO")
	  REFERENCES "MAC"."TIME" ("TIMENO") ENABLE;
--------------------------------------------------------
--  Ref Constraints for Table BOOKINGSEAT
--------------------------------------------------------

  ALTER TABLE "MAC"."BOOKINGSEAT" ADD FOREIGN KEY ("BOOKINGNO")
	  REFERENCES "MAC"."BOOKING" ("BOOKINGNO") ENABLE;
  ALTER TABLE "MAC"."BOOKINGSEAT" ADD FOREIGN KEY ("SEATNO")
	  REFERENCES "MAC"."SEAT" ("SEATNO") ENABLE;
--------------------------------------------------------
--  Ref Constraints for Table MEMBER
--------------------------------------------------------

  ALTER TABLE "MAC"."MEMBER" ADD FOREIGN KEY ("MEMBERGRADENO")
	  REFERENCES "MAC"."MEMBERGRADE" ("MEMBERGRADENO") ENABLE;
--------------------------------------------------------
--  Ref Constraints for Table MOVIERATING
--------------------------------------------------------

  ALTER TABLE "MAC"."MOVIERATING" ADD FOREIGN KEY ("MOVIENO")
	  REFERENCES "MAC"."MOVIE" ("MOVIENO") ENABLE;
  ALTER TABLE "MAC"."MOVIERATING" ADD FOREIGN KEY ("MEMBERID")
	  REFERENCES "MAC"."MEMBER" ("MEMBERID") ENABLE;
--------------------------------------------------------
--  Ref Constraints for Table PURCHASE
--------------------------------------------------------

  ALTER TABLE "MAC"."PURCHASE" ADD FOREIGN KEY ("MEMBERID")
	  REFERENCES "MAC"."MEMBER" ("MEMBERID") ENABLE;
--------------------------------------------------------
--  Ref Constraints for Table PURCHASEITEM
--------------------------------------------------------

  ALTER TABLE "MAC"."PURCHASEITEM" ADD FOREIGN KEY ("ITEMNO")
	  REFERENCES "MAC"."ITEM" ("ITEMNO") ENABLE;
  ALTER TABLE "MAC"."PURCHASEITEM" ADD FOREIGN KEY ("PURCHASENO")
	  REFERENCES "MAC"."PURCHASE" ("PURCHASENO") ENABLE;
--------------------------------------------------------
--  Ref Constraints for Table QNA
--------------------------------------------------------

  ALTER TABLE "MAC"."QNA" ADD FOREIGN KEY ("MEMBERID")
	  REFERENCES "MAC"."MEMBER" ("MEMBERID") ENABLE;
  ALTER TABLE "MAC"."QNA" ADD FOREIGN KEY ("ADMINID")
	  REFERENCES "MAC"."ADMIN" ("ADMINID") ENABLE;
--------------------------------------------------------
--  Ref Constraints for Table SCREEN
--------------------------------------------------------

  ALTER TABLE "MAC"."SCREEN" ADD FOREIGN KEY ("CINEMANO")
	  REFERENCES "MAC"."CINEMA" ("CINEMANO") ENABLE;
--------------------------------------------------------
--  Ref Constraints for Table SCREENUP
--------------------------------------------------------

  ALTER TABLE "MAC"."SCREENUP" ADD FOREIGN KEY ("MOVIENO")
	  REFERENCES "MAC"."MOVIE" ("MOVIENO") ENABLE;
  ALTER TABLE "MAC"."SCREENUP" ADD FOREIGN KEY ("SCREENNO")
	  REFERENCES "MAC"."SCREEN" ("SCREENNO") ENABLE;
--------------------------------------------------------
--  Ref Constraints for Table SEATSTATE
--------------------------------------------------------

  ALTER TABLE "MAC"."SEATSTATE" ADD FOREIGN KEY ("SEATNO")
	  REFERENCES "MAC"."SEAT" ("SEATNO") ENABLE;
  ALTER TABLE "MAC"."SEATSTATE" ADD FOREIGN KEY ("TIMENO")
	  REFERENCES "MAC"."TIME" ("TIMENO") ENABLE;
  ALTER TABLE "MAC"."SEATSTATE" ADD FOREIGN KEY ("SCREENNO")
	  REFERENCES "MAC"."SCREEN" ("SCREENNO") ENABLE;
      
COMMIT;